{"file_hashes":[{"block_hashes":["EtFNt9VuzWX3PWXtYGzuYNqsskMwpFSMhYU82VdCJhI=","pOf8zgeyQ1ZqcX7sRtjHUtwmh2rrtZ0exqVnRpWXosI="],"block_size":4096,"path":"codemirror/lib/codemirror.css"},{"block_hashes":["2RV2tfgSFxUVJpyfpsPUfPKZyiOBB6Cq+1BdGYuXZPc=","HDCgWWX1yOEjnJEpfmlPmORH9ZSY3CDnNzHlSdl+fss=","f+btwueC9z7NtoKSJY72S1TeIxryOOkO+9hkIlDMTqk=","k6IOY1/f/4qNY9oMvPS5aQ1VuTj6/CKv3ZGp4VPVEDA=","1quDLjNeaVRb2qsILA3WsLXotF+qFNefl0ioBFGWTuU=","phiSrMqFXel2hpkn1vBG8nX1S024njtxKI/deONySvY=","GNE1tvkULy5k45T1K1RHuXMELOCLslRb0JVtATx90Cg=","O9/WollUrqDRd3iL948o1/YDrb65gmIy6H+odZUeW0U=","LMN20kGoBJsNM/03kaG4+3YhorIk0U1hZBhg99pciXg=","4CA8Allspo2gPTXjhT1F7MFPBdXxPCjERwx/cOAL2UM=","TM4ge37zhYQ7ahRM+HWXTYtdhIw7WdhUAPAMPWCOl7w=","qYiwYsDlezZnMRqKAw6nlphfYi4BVcUjwTaKCbIVZIU=","HmA/bTf56R9wCPwa4ZGLhPAm9uru4PJxhXldgWJjimg=","78TSb+dQLnz5ZfOSsAZBnfWOEiqn/PosYkAJfmllxYM=","kc6FAgIZTHPrihUIwzlPOj8iNuAbMq0/mgmGLJNWtH8=","UP0Mf4kn71py6JAPHTV6VoLFIOwuw4nwKquAwcXf1dw=","I1/0bNNpi2QzO8GDT1wa0bdwURentc88eVgqsZC642E=","GNWC07LI/MpFxkFVqLr7Ae9YrfpmR2d3syu/Ebs5Mkg=","6ECDkH83Bfq+jBDLhGclTUX/ZOkZ+W/wsy4wvv39PYo=","8DKqmYAXek2SBnSe5ae5bHgZzoEznUpTmQvthW6PATI=","yOGS0XDUPnZGtcfTUE77qauOPp7rr1cZxrYNRM6SBes=","GwlQydT88inofr2XIOZ0DhXB/lK3oxBpGf+0s8A5TXs=","oI3olFQRxWf6SuFHzTW+CJp9P92AqRWa9/NXppSc6sE=","xWj9LJJbDSBTQXhALpOmeIPhLBkn0ndF0O27cjVEBSU=","KGD0y+Oeg4hbwUhzyISjx96tnRuj768DM1acjJyVjQc=","ZCejyYp4K+ZTM2Li4oxHBIMpzrE19iPInlHF9JTc+H0=","kxaLu+UzxXVnJGdBPYDofY5FuMGSLTxndofAK5hqEHc=","/x8ffe45nBv7lXHUK92e1giH5toPzt9isdE++G5xceQ=","Xv0lJqdjlt7jxoI0yPOhVTnNIzBVW6tga5WHtd+o3mE=","Jyx8jPutbO82rl4R98geLnaW1SIAWZ48cCohRhkQ+kg=","gVr9EyyKKEn0p2s0d2HRGYwhR1rR47j7NIAjESpWtYk=","dcxbEOOG9+mzkkaJMoLNZVj1MjgLqj1SEOAZHgBdErw=","PA7duPDilXVnJhINJIQZo9VVilC1Exm/kI8i/HFY1b4="],"block_size":4096,"path":"codemirror/lib/codemirror.js"},{"block_hashes":["YF748EIz42syXR/OHvgO60kD5tEl9HPsC3yVZuhiGsk=","Xm86LLtsDmqV58uFHHU834nww9Aa9VSSXCwQVb3vKFs="],"block_size":4096,"path":"codemirror/lib/util/closetag.js"},{"block_hashes":["BqIklqch+cYnysUdov9hQi1RpH3hrktJLJuL7A+41Vs="],"block_size":4096,"path":"codemirror/lib/util/continuecomment.js"},{"block_hashes":["Xsu27Cb/d+tLbjZ5jPbeSkVGK/rYhdCTuPRTrEYESXs="],"block_size":4096,"path":"codemirror/lib/util/continuelist.js"},{"block_hashes":["tv28xIBqFyPQbhDTSVqBuDl7pOc0DyZq7YfOpE9fRT8="],"block_size":4096,"path":"codemirror/lib/util/dialog.css"},{"block_hashes":["3xvdoiwm3YYuLScSXwD7mEkqzcZJfkHkGqVUh8FW3uk="],"block_size":4096,"path":"codemirror/lib/util/dialog.js"},{"block_hashes":["cabCNm6KO84yr7EJsFU89v7a7M+5NbSCHgDkhARWPaQ=","3cyu6wztm+7/J7eCTk6pitk6JK2z909UE7ue/8VWMdA="],"block_size":4096,"path":"codemirror/lib/util/foldcode.js"},{"block_hashes":["U4egwFBm+c8V+H68b+P2JmHSojIgXgGz8vlDqwGn50k="],"block_size":4096,"path":"codemirror/lib/util/formatting.js"},{"block_hashes":["IRK3RpjrtvUVLgeJePcGGBxViRUVNjPs02+xletd67c=","0BzGlcfUkR79cT86z3q5s4Sn8+iB7V8r1qUk8l0z99g="],"block_size":4096,"path":"codemirror/lib/util/javascript-hint.js"},{"block_hashes":["hFZlDjJS6eaBsvpcrnZIxrytmvnqY+lPmLGomrIlXco="],"block_size":4096,"path":"codemirror/lib/util/loadmode.js"},{"block_hashes":["CoBnO9L3iEb/xN9aq2iw0xoxuuHDa9Wkex4AX4ezxnQ="],"block_size":4096,"path":"codemirror/lib/util/match-highlighter.js"},{"block_hashes":["gh/ql7DPVObqca/v5mEHllmmUhB8xfpyugdB+nTIhlE="],"block_size":4096,"path":"codemirror/lib/util/multiplex.js"},{"block_hashes":["I3cwfUE6kvvgkXap+SEeQsGvPGQdArC1QMimxff/+rQ="],"block_size":4096,"path":"codemirror/lib/util/overlay.js"},{"block_hashes":["qmG0yLlQZc4/qCVYCiaJCkXlHBRRsDubRVABUQVJsvs=","bcZzmZUCmVyTd/g9Yf/V3De6H24gjx6ayPqhXotNTr8="],"block_size":4096,"path":"codemirror/lib/util/pig-hint.js"},{"block_hashes":["fHu5eM5I5cQ5ixwIxW4/OT76hCZqMCtFXUVFsND1/gg="],"block_size":4096,"path":"codemirror/lib/util/runmode-standalone.js"},{"block_hashes":["HMZjm5WuYW7theYuBPn+alPejZMxYjWijF2DVR06IEI="],"block_size":4096,"path":"codemirror/lib/util/runmode.js"},{"block_hashes":["wO+ro4mOG449EntVu50WPozbp3rzh7ylAzNF+uJil6U=","sEDASdGcRDy5rmR9cZ5LSuX+Q3GEt5ED55plNhValv4="],"block_size":4096,"path":"codemirror/lib/util/search.js"},{"block_hashes":["zUiKRwUA64pIXV7xNL7fH7I0YJEmDPt8H4VE2ojLets=","R6+X9GyLVG8ihWZtPA9dk6JNbF3+1ygyX8zDPtvVQiw="],"block_size":4096,"path":"codemirror/lib/util/searchcursor.js"},{"block_hashes":["WvgGdCJ7tQVojADB5xp6JfE6ywCWQFKRQx9eRzlHwQM="],"block_size":4096,"path":"codemirror/lib/util/simple-hint.css"},{"block_hashes":["O5eITpP7mZk1HZ4zlohu18Bjgj+IRKQbQ5rDFjbRwwA=","dvpHBQZ577th9ROdI1zihJIdrM3DgL5QVXhnX7cGvw4="],"block_size":4096,"path":"codemirror/lib/util/simple-hint.js"},{"block_hashes":["5g50sxbkn7bDOZxFJ1eI8N11BKGhSFZn1mv4RRXHgIw="],"block_size":4096,"path":"codemirror/lib/util/xml-hint.js"},{"block_hashes":["pEMI23LWiRxI1SfnTBqx4/e3MWYh1pxpkrUgY92kU0E=","n+fSeIBq+STGGrFIYAJG+T1dvgyz8p9Mf62icxpWeD0="],"block_size":4096,"path":"codemirror/mode/apl/apl.js"},{"block_hashes":["22na5o6xm15+haN84T37AbZYYsBdcNl8HDexKiYEnL4="],"block_size":4096,"path":"codemirror/mode/apl/index.html"},{"block_hashes":["Kp/S2MjH/V0aaQjVzONvb51H8pexIcGlA2pJ2Wo4Kk4=","73h3tpyL6uUNBNJzcUSyUHTn7y1va4teXZpAdkUAB8I=","RePHBKVxmkRC+4rkxSFiWgVC+fOvpcIlfXtQIl+nxhQ="],"block_size":4096,"path":"codemirror/mode/clike/clike.js"},{"block_hashes":["EZaaXZQ9eCmEv6K3/BBFrib+rClpkS++AtOhfWERocY="],"block_size":4096,"path":"codemirror/mode/clike/index.html"},{"block_hashes":["3GwJX8jTrzfd3au5xJSZU7JmJl2YWJuZqArCciCV27E=","OoOr8YgPBIQ3HCgq5yA+4zN1dcQSZZBR6QwHBtRDgls=","vyAgJKRUrF12lBNKLjMUICIaprQPMf/yT04Jo9Avk5M=","bJBaE9eFsqnYUS3/C4ipvLk4U4TDOsHXQeHqL1fyeJY=","RUwFoo5l3eG/88HkXtWYwDAOuYAcuEEfxFPXh7EhwKo=","c7HDyb6R4Ja3TARO0h2+5Syow9/LTPlyhGADFTySKHA=","GQSJLKAgvlMvVFu/sevZPo+AotEktqzYg+sOpgcD4EA="],"block_size":4096,"path":"codemirror/mode/clike/scala.html"},{"block_hashes":["RLXyzHeLgqMsSpi5z0AzFtISGOAZ7pd/SmcufHCQLOQ=","ddXkUOwVHe7ouv9W2bc5z7jYgCX/YDaLP4g+ldy0SWo=","DhxN6DU8jrOu3zw5uHA8XZpEX6EavYK3OhgU34SSDyk=","oRCFzjIchr55vBQEwvR44t0atKbPq473NijMt0SyLj0="],"block_size":4096,"path":"codemirror/mode/clojure/clojure.js"},{"block_hashes":["R7n5VmXYLgJLaSIl7Zibwt2DzYLmskuP/2NjtgArqmQ="],"block_size":4096,"path":"codemirror/mode/clojure/index.html"},{"block_hashes":["m/yh8wN8Qv+na2F0nA4Ewq2ioFM2DBwIDoCSxTpp2s8="],"block_size":4096,"path":"codemirror/mode/coffeescript/LICENSE"},{"block_hashes":["hUAdY74xmfWI4FxSXxntmFiIu8eTHMeut1770+/gXjQ=","z543Nda2xQneyeEug63ZlW2lj9/f4i+EdTY8ZmCVhBQ=","8E1X9sYezcumeHuKYGmcShKffCj3rD/mMcZEWSJjXAo="],"block_size":4096,"path":"codemirror/mode/coffeescript/coffeescript.js"},{"block_hashes":["+lqesgV2F7OK4CUtuDaqvmNFfiAEoViVviyP/1yp+WE=","vMoMp1jYCJXmJmQx24VyTqN3a1wMm84m/ikbNzJU2tY=","X8aNf3Zua8H7KlcyPCjj/BiDMTvV23s4yKI5okkb6hY=","BSEZKvaeqERKUGDTWGs+pnYDbvMbG0WZe2mBzYoAkbw=","rJNu8o7Rulm5D2az8FlJKEsNipRTd2zKgcs9r8Wg2DI=","PAFsbmHdZ3HkfWxfF6I6AEUw9DyrdncultrSmQj6cso="],"block_size":4096,"path":"codemirror/mode/coffeescript/index.html"},{"block_hashes":["SiNNx/fxtvVIBTqc0y6cxcPsNGVZrFoNVjl1IjLC1rA="],"block_size":4096,"path":"codemirror/mode/commonlisp/commonlisp.js"},{"block_hashes":["7G2+2DFV4Iwx3QuHGpmWWtI6RhIWjoZ8Hr4UNOIaO+A=","axVrOoiJoHC9WGBUNbNIjXA0Cayzte3Z0fG7yHp+vEM="],"block_size":4096,"path":"codemirror/mode/commonlisp/index.html"},{"block_hashes":["v0PKIyCRNsTWH4TWplDdfrXHDULxdONbBuAj1c81ObM=","tkvqL9Urf6AuwXMY1QOaKDHweJW08hx8eNntO+up26E=","iyd97puRVwvXo3rUwHKZ3TjkD72oTdU+OM4fHiKQXOw=","+QbeyOc+hcc/cppIo85qxBwsK5/6nuJmuERBVIbuKnE=","zVNjUYP9yL2e4w3SIoRSpRHEhkC2jDJIyikD65SMHo8=","s+F7/nPxQxFPTEtwBJUkgV/zmxH5D3KkrPBUS5O4Jps="],"block_size":4096,"path":"codemirror/mode/css/css.js"},{"block_hashes":["MmmGQGihJpvBSNmsv+oPO3P+ZGVOsm33ZIK3IPnD6mU="],"block_size":4096,"path":"codemirror/mode/css/index.html"},{"block_hashes":["RJhOwCB3JdrApGEExFRouu2oW/1f9GM0Ngx9Yr0WElk=","qpxVacc3ytPoOtarALT8lqdoSGr7d+Z00GN5BQhSRxM=","mgYbQybfhB9a6aGChmlEJPeiJqSX6CKNypDoqkEMQiQ="],"block_size":4096,"path":"codemirror/mode/css/test.js"},{"block_hashes":["/zlxZI2RpMTbDt28YuFr1JijVQoBAwo3m0gf6w9brhY=","32ydsRlHwNXXTvOTFKvsic8tUq4wg9m2s0eCm05agmY="],"block_size":4096,"path":"codemirror/mode/d/d.js"},{"block_hashes":["R6IfZ8Iofx2iZ0GdlI5wjz0y8ATRv21wMa1KRPDg8GQ=","IlEMG80V6oy8y81NjY1wI8ngERUgqUYdj8J5L/HINAc="],"block_size":4096,"path":"codemirror/mode/d/index.html"},{"block_hashes":["X6j4F+niK/XSlnI+Z/31FLuHKPZidrFPgOUUPqDjdok="],"block_size":4096,"path":"codemirror/mode/diff/diff.css"},{"block_hashes":["jHk2KhimnZRoS1QCTzDH8n2lm4j65Cb7So8vJCVkzmg="],"block_size":4096,"path":"codemirror/mode/diff/diff.js"},{"block_hashes":["FcAYoKyPDHbuc1xoc5+zumPAd8C0ZxWNbKnsPDWgz5E="],"block_size":4096,"path":"codemirror/mode/diff/index.html"},{"block_hashes":["dLNare4m4V7leVFpayGJsH1IYL/1FvDFPxrOUDMRmdg=","XldaPqS/6yGcpF8tKiHqpGjrv7aAWkR1DFRUROUTesM=","ufYjnmestmhWlvRKYV1zKBaFrvVlqwhqYQTivG3x2uY="],"block_size":4096,"path":"codemirror/mode/ecl/ecl.js"},{"block_hashes":["IIVKGfPMzaxN4d3T4TxlAdZ1//J/ybn3YUo5Z7UevJM="],"block_size":4096,"path":"codemirror/mode/ecl/index.html"},{"block_hashes":["aW+5TpsgnMTLHcRGx7NEj8DoqLeJPyRcY3P79rMiA8U=","XG0qKVQ+p12ys6YKE/I+hMS6uDY2AMQJvs/tuejRUF0=","lGVxHNc21mIr8Di0OvqyOgslJQHPJ38eDrLb9FxsoU8=","fdPJHSjYb76BBClRoW9+l0E2KzHXmcaZLAMAx2s2Nak="],"block_size":4096,"path":"codemirror/mode/erlang/erlang.js"},{"block_hashes":["QpLPqvhNR2Tm2ImQ15PVALlz4EK+yJy2VsUDIoC5eAc="],"block_size":4096,"path":"codemirror/mode/erlang/index.html"},{"block_hashes":["84mC3CUkkbY97ESRSWX4m7QmoC2VD0imaHojvUlp8xM="],"block_size":4096,"path":"codemirror/mode/gfm/gfm.js"},{"block_hashes":["n93ozFWjHK9F7+BWAk1FROCaBVk6aQcKro5A+8URBxs="],"block_size":4096,"path":"codemirror/mode/gfm/index.html"},{"block_hashes":["EQHARGsi/5114qz6We6YWGd/iMpScYIskGvdb6JI8vI="],"block_size":4096,"path":"codemirror/mode/gfm/test.js"},{"block_hashes":["iJQo97kxcvreTwgA/WZJwPoD/xo2iNdFtrs26Eu4S4k=","Cjdbs0Q9xwp+TGYuqZ9CYmKWRisesZOGwqfM/oFy/t8="],"block_size":4096,"path":"codemirror/mode/go/go.js"},{"block_hashes":["7Xeofv6QTHXJ1g69O2Y4Qhma4w6WBL5ksEtG71h/Fzw="],"block_size":4096,"path":"codemirror/mode/go/index.html"},{"block_hashes":["1ueMOc93Ogzy0kFm/fHGgSzHZ3iBdPLvPHBXnIHfLKI=","OntOVhpEtWA6BQijZp+oxlyEbG1wNYE07U8CmJSfObM="],"block_size":4096,"path":"codemirror/mode/groovy/groovy.js"},{"block_hashes":["fqFtKN3UKNfNG+P5O4TaElViGsF85kLWghW/Jj+zV/c="],"block_size":4096,"path":"codemirror/mode/groovy/index.html"},{"block_hashes":["FJMv3qOL+/5I4PVeHnlzicblvV/YixpaacveQZ2/cIU=","gEjCN0+Woa3zQQwEY9hE3fGpJgb/yJqyx1rcFNtW/G0="],"block_size":4096,"path":"codemirror/mode/haskell/haskell.js"},{"block_hashes":["1er84LKEqIj7scFmpQpJuZkZa+PoN5CiaktY36duttE="],"block_size":4096,"path":"codemirror/mode/haskell/index.html"},{"block_hashes":["wWjbNBjKc1PkKgCD5PyYm4Iw9YrWR0k5dJetXhOKmkU=","dj5u7FC4pJgWUUaq7Y1QHpnsDfSKVpSBZ65YUt4J6ms=","G+ScLOKVfNxGSH3t/0wZu0J+iXTE2CoXxZv0BJshh/k=","d2aUvPZLIjeDHIDkIoMMwNdPE5/pv4fD6vxlteU9Zyg="],"block_size":4096,"path":"codemirror/mode/haxe/haxe.js"},{"block_hashes":["P6TuaFWIdhkFE3DXypAwUbNiX2XxvgF8V/brLFL8inU="],"block_size":4096,"path":"codemirror/mode/haxe/index.html"},{"block_hashes":["Kb2u7gC2jZ88fCjjZ4m1BMFJ16h2PplBFWEOXLHZhO4="],"block_size":4096,"path":"codemirror/mode/htmlembedded/htmlembedded.js"},{"block_hashes":["vAH7Yi+43s/iAnRDoFfQeOzWO+KCJmcjkI5qwP4RNao="],"block_size":4096,"path":"codemirror/mode/htmlembedded/index.html"},{"block_hashes":["DeZ2CR2m+s5g8i9IXu2JFZghA4E/rVF/DCkDiYw+vdk="],"block_size":4096,"path":"codemirror/mode/htmlmixed/htmlmixed.js"},{"block_hashes":["fntTQ0TTXth6vvZZCWw37JBctI2WsEouI6zKWWa4gS4="],"block_size":4096,"path":"codemirror/mode/htmlmixed/index.html"},{"block_hashes":["3anHe58k125oaSX8bzgNNRc+1f6Tk+ZjUnbIMYd6LRg="],"block_size":4096,"path":"codemirror/mode/http/http.js"},{"block_hashes":["3nGQO4pMEY5SEpots4pIe6p0qMkSkU4tw2K3JcD268Y="],"block_size":4096,"path":"codemirror/mode/http/index.html"},{"block_hashes":["vpKbeqMfT5qBSL8+tFspfF1qS9quLnGE4DoFmqSoc+Y="],"block_size":4096,"path":"codemirror/mode/javascript/index.html"},{"block_hashes":["ZJPjZyxUAcH8TkAqewaZIyxpgYYGQovSujVC/acxh9I=","5K9ann/+6R4v/whdd8vrprYovFDb/wepif3kj9Lsvrg=","+7IfemBjRvmyjDDVCi5XqNwXZkEYFyNu+FF7dNnNxW8=","A2xPxxB9Pl/iQDLd4L1JkDg2e3Poi8fRQmU0Op1dVpA="],"block_size":4096,"path":"codemirror/mode/javascript/javascript.js"},{"block_hashes":["qT0vecWLfA/t/9lBKoMdYYAuX/dXijADHCn2mz071OM="],"block_size":4096,"path":"codemirror/mode/javascript/typescript.html"},{"block_hashes":["367SN5TWDhNzE9W9Dpkct6z9ZWlUDfQc8Y2/NyxlAp0="],"block_size":4096,"path":"codemirror/mode/jinja2/index.html"},{"block_hashes":["CRX855UF741o3TgAh38RxL7ptnupYpNgn8RT3wt/Fqk="],"block_size":4096,"path":"codemirror/mode/jinja2/jinja2.js"},{"block_hashes":["mybi2408ETe1RV92DDNKUS7gYOBLtkI1dCwDB+axu84=","ZgoyslP+hJl6i/PJ1XYxImCMOu6by894i4pf0pRhcGE=","T+P+LDwvFuUjMZGsoZuclXfejV04Ss4cdJl5lh0WO5I=","kdrWPmAi+/njklVqh0P0UPxRaBKFzhRC6Bbrt/0QND8=","oaOC1looepMaJ+ECB3KZDYT4Z/w3VwpVnCWhc7f4DQ8="],"block_size":4096,"path":"codemirror/mode/less/index.html"},{"block_hashes":["cG50LGQcRJqv5uDsgmhMWd+JZ+HcTYRM28mYECz0vXY=","AkWEZKov5L2/t7eXBgpHGA3HY3Xe4vzp8oZ2t6bZiTQ=","cl6Fo3+QhEK9HroxN3+QfhmGvKU/o1O5Ov8N5XzGRp4="],"block_size":4096,"path":"codemirror/mode/less/less.js"},{"block_hashes":["30jsMZ7dzgPN++UatMYk9qjhZUpUr9j8QZUelBTC/9Q="],"block_size":4096,"path":"codemirror/mode/lua/index.html"},{"block_hashes":["nmqtau9NbJSdcb/xqmENDhPVa6yu7PexrkNaRNnLUX4=","50Mhi1ouwxndUN2/fjFcdHJQn378CaRZ37K+1ZdFs8Y="],"block_size":4096,"path":"codemirror/mode/lua/lua.js"},{"block_hashes":["VUTlYiPHOC4zz4os1F1GriiV6wqckjip7CTO6LODA0g=","tq4rDNKGqsevYtKwMArIvCVr5K5CoaAiyAR1kVrFsTg=","hdgEN31MkSRTd5f8rbLZpRkQQ+1LeL+BhFEx4veyaOY="],"block_size":4096,"path":"codemirror/mode/markdown/index.html"},{"block_hashes":["A+J6uWR9OMZWeOUcC4Ruo6wDVHqjM0bK8cRQb7fB7Ko=","2FlgsK377Ir05NkgfCACpJuwo4/WnQjJzS9+8+twiy4=","6y8CoL24Y356y+cBMjcpT2gvwC/g9qi1jeLJQAYnMbY=","xw6l5uh0n/daC49cxuDpxr23whHrJtifCPXBBlhNSVw="],"block_size":4096,"path":"codemirror/mode/markdown/markdown.js"},{"block_hashes":["iKHSQ/viv79aX9b77fyxGdEh3NZwoMoyf14aPoeQD/w=","tiXIaPZZ398d8jS8M+8bWHr3xWCIZeSZ0HE2wW2hffA=","ByB8STpcoNiWA0/IfjKRmzFfIS61cVivQGRZDCBBvMk=","l9GR/rFi5nyRHDCyQhl5R0Lo6UGW46/M/84Itc0IHj8=","kdm02PErNKFitok03aF09EvS2EubKPRrOwPpbzP3x74=","GaVU7q4uRiA5Z/b64lQJyLmeaZVd6fApPXpzAfIxvVs="],"block_size":4096,"path":"codemirror/mode/markdown/test.js"},{"block_hashes":["fhHKWAQJ+5YiXiOtddYtQ9TV+7xtnL9JuyoXzur2+xU="],"block_size":4096,"path":"codemirror/mode/mysql/index.html"},{"block_hashes":["HZlspL+cX9UeSBbnpbLDkJTB6gb1bDMv8ACXpg2gDwQ=","klQAQgVndTNdRtu5CKII/mzHKEA4UJbRZWBfSptfmVQ="],"block_size":4096,"path":"codemirror/mode/mysql/mysql.js"},{"block_hashes":["HP3+3+W3EsiBq3ahaIQzq/Wu9AJpr1S5ez9GWcfuFpo="],"block_size":4096,"path":"codemirror/mode/ntriples/index.html"},{"block_hashes":["KxdMNujurkN2U/T08vQjB3kxkpEGTIPJSUlLWGKeWxM=","twZBmq2AMH2xR9LeKETo9qbsalIU+NdhOnTlRNR4a3c="],"block_size":4096,"path":"codemirror/mode/ntriples/ntriples.js"},{"block_hashes":["W5kvPO6tV+gKYbp2PpPIyPqa0mohX4FYVODK1MBuRMI="],"block_size":4096,"path":"codemirror/mode/ocaml/index.html"},{"block_hashes":["qP/VjmrdE8aDVU1ke9txvEtyt1yVGyPjOb0BG1tdtnU="],"block_size":4096,"path":"codemirror/mode/ocaml/ocaml.js"},{"block_hashes":["HsVvHRil2g9SI1PnutXhcwPPia1Ml0dwdtNxa+NnP44="],"block_size":4096,"path":"codemirror/mode/pascal/LICENSE"},{"block_hashes":["FQWCtTQ+0FFgxqZ9P+EYRmlnqowhPY2FnNRmdGJOTYQ="],"block_size":4096,"path":"codemirror/mode/pascal/index.html"},{"block_hashes":["g4pE2Sm6CCe5U7qxJRviZ5lXfdhp2b2fRKa5d7Rdihk="],"block_size":4096,"path":"codemirror/mode/pascal/pascal.js"},{"block_hashes":["j24B6yGg6b6hzTpuyA9DwbIzwGUXs+3uARbdnqCMPiY="],"block_size":4096,"path":"codemirror/mode/perl/LICENSE"},{"block_hashes":["KsiwV9gd5KoPjYPiKHUv3FafcmaBEiDjGjd1EO3dJmg="],"block_size":4096,"path":"codemirror/mode/perl/index.html"},{"block_hashes":["y6VtzKJGU+yfb0tVcHce17aQ5Rq9BWDzSFvTTWsXMC8=","QKjFqH+6GrSJmunnI276hMmUjiLoOLl7YMArwq2nT3o=","V2mHINfhqUBKkRPO53Nehi3SQAcNByk2GmXjXVc5NZI=","3OSU2W7yyoRYTK6Ejy4B28OgCpKSgpsMcvG9jRkLO04=","ovR6tlVFEd99xLcTkB8zfAqNfpt9jMzvw5uGwGzolzg=","39eZqojLO48++rCdce6WwO4WNM5cubaVqmBysK7MBWs=","Rb8F+0INRZY+kZYf4x5N5uA32R6P1k3UgYe1XOj+OfA=","toQWQXUZouJD0F6EZCPut1xcBOQzhNVPuiV8P3YHjtk="],"block_size":4096,"path":"codemirror/mode/perl/perl.js"},{"block_hashes":["VjLg/YZiYRTzoA23SUSzsEgiBJBywE+f8V0biykxiaU="],"block_size":4096,"path":"codemirror/mode/php/index.html"},{"block_hashes":["QtXFcoZWo1hhwPBIYazmauCVN/88xic8beuys/O2UUY=","HyJkWVPVfI12WlNrQV38GirPVekosuPY5oWkfMcWrwg=","EdrqjL186qGuuwbbcP2sR7arrkjTVKRIPNF0djMWntc="],"block_size":4096,"path":"codemirror/mode/php/php.js"},{"block_hashes":["MDRmklJi37Zeq+izKuTWjXXf6dyJ3DXThQ3pWMfzezc="],"block_size":4096,"path":"codemirror/mode/pig/index.html"},{"block_hashes":["YYtNyqy1wcX1Fb0Uzmq3YgiJUZAWNiHvbJQe7zXPXvQ=","YR/xDFBbcm7/tObsxgH73DTS7XAwvQZ0ND5vEBNep8Q="],"block_size":4096,"path":"codemirror/mode/pig/pig.js"},{"block_hashes":["x4IAvkYtxPwWcf9vaTmQ3Bo6yILCDZx/RAF9EVwl2oc="],"block_size":4096,"path":"codemirror/mode/plsql/index.html"},{"block_hashes":["RwM4uL1aXUfngcpfIEt0gGbr1rwgXLRM0XSWv1ElcUc=","tEdimAwL4sz/Q2BKZBQBUvDNnDolYJo9AUotmuadQU8=","hwG9EEPOCKB2IfbM5c5wh2zP/o7PM85B2xKgDET89J4="],"block_size":4096,"path":"codemirror/mode/plsql/plsql.js"},{"block_hashes":["jZJZ5slFHcs4r/6I0iMYPP09+o8vyvQkEks/R0JN2RY="],"block_size":4096,"path":"codemirror/mode/properties/index.html"},{"block_hashes":["bspJdrBR0nk8j04Hs5aUt7OriU75v2mm6LUj2MpSBu8="],"block_size":4096,"path":"codemirror/mode/properties/properties.js"},{"block_hashes":["xtqk6HN9FapxQLT364K51IKb0v0nEyxD4oIgO5xn38Q="],"block_size":4096,"path":"codemirror/mode/python/LICENSE.txt"},{"block_hashes":["AHMDOnevAxWFvIej+3OuC85HxW4z4ppX1BJAYx39qkI="],"block_size":4096,"path":"codemirror/mode/python/index.html"},{"block_hashes":["INstergtyn8LelgKRF3YLoR8VB4kZ3ErXuXeBuR+HGs=","Gn5VDmRdUrb6DypZHKo97ErZq5RVCwzqZxYSRMhld7w=","lkrQCoNgMH3WmT5T5apU9BPaL/X6brDAc7w30rY2B3I="],"block_size":4096,"path":"codemirror/mode/python/python.js"},{"block_hashes":["mwpqtkk74jxHuBUATJbxTL+Pd8VoDA4vsRtp29W+FVw="],"block_size":4096,"path":"codemirror/mode/r/LICENSE"},{"block_hashes":["ZaSp0vWxc+EShJyLmr/EBTg6q8zOcUZ3PQJHdADSg8w="],"block_size":4096,"path":"codemirror/mode/r/index.html"},{"block_hashes":["S/jhJ2akk/tivqiod8NWmXPkWvkQAEtW8jiqPTr/vVI=","OkAei8opldTMkdTkLOuKoTXIaDjqdgs933GHUI/JXqo="],"block_size":4096,"path":"codemirror/mode/r/r.js"},{"block_hashes":["4p1Socu0ACxWaz+HKQM54i9dXrUJISBQJR5HJsOk+Hs="],"block_size":4096,"path":"codemirror/mode/rpm/changes/changes.js"},{"block_hashes":["7wGkJ7dtijAeQkEJYqwZ7y+8NAhB1xnaWnghTHIegEc="],"block_size":4096,"path":"codemirror/mode/rpm/changes/index.html"},{"block_hashes":["cWAE+37aWKz8flfF3SV+mbHMXrDUdgJabaaeIdpas58="],"block_size":4096,"path":"codemirror/mode/rpm/spec/index.html"},{"block_hashes":["pljBPSn+ly2kpRebOfu4ZOdWx3PwhOO2jA8cl8Hl6Hs="],"block_size":4096,"path":"codemirror/mode/rpm/spec/spec.css"},{"block_hashes":["MAPA8AjVpoA3/vPGxnmGD8G/4wQ46NhVZD2Ka9KFWpE="],"block_size":4096,"path":"codemirror/mode/rpm/spec/spec.js"},{"block_hashes":["gjOC7TM4w+VM1Exw5ZewG/b9ZcTher1nf/aSYZZLmug=","F1bKPkSkT53+wZPo1+ta4ysu8P8FTJfq/LMuYUd9l/k=","BZfaQOKjSzVwgjm1owFwNfszdDDC5aAfYXQRBIWhOaA=","OJSHh5i/ZS+HjG3z0wVeTOJQWEaF6xQzWIWRQEeYZBU=","LM6wOLxjWtp+UpjC0EhHw8uk3vGTE5Ebi2sSQp7NWfc="],"block_size":4096,"path":"codemirror/mode/rst/index.html"},{"block_hashes":["+0pk+OMnQF3OViN/oyAbOFegdE2glSXB9hbkGbADTzc=","vo02omp8Mhg95VGl5ymzw+0/EW/Y78id5thnjBTpu4M=","tM53mkFqW/z8eX1Hbw8Twul71Wzv+VeI7pbcSLtKt7Y="],"block_size":4096,"path":"codemirror/mode/rst/rst.js"},{"block_hashes":["X7n9+lCOg2JZND9QmowFpOUY7BT37TQEkWWc9ONkDnM="],"block_size":4096,"path":"codemirror/mode/ruby/LICENSE"},{"block_hashes":["jusXGSatC6aAgDQR0jhxhblB90CwOv2HCBq1Y80yCF4=","Mz/ATeE3SPfUtDsm/KeNDqvJBXsMGefcKRhGanYkHZA="],"block_size":4096,"path":"codemirror/mode/ruby/index.html"},{"block_hashes":["CcBh02KKnEQj4x9cPpHx/Rh0OKYUrUc7tVpuPlt0LtI=","bTTgEDj51zllHs+nCRmVrMnkbGCOTLxEGeDvm9p5CIU="],"block_size":4096,"path":"codemirror/mode/ruby/ruby.js"},{"block_hashes":["4gEFTjvQdtJeRC7iaU+DEgVS3+svW6Br4OxHBHIecOg="],"block_size":4096,"path":"codemirror/mode/rust/index.html"},{"block_hashes":["3O1VoDecwoxX3NjE8DKGvSEv73MH9WUUJtheOKPNHMU=","WYX9c/scSzlXK9I8Nrw9/29aI9s4UnK8Ts0pAJxc2rI=","Z2kgiui7jYOz0GHyCbGNJ183Tbq+7og/6m32KnL44iY=","PD+MrP54iu9QuxbX5+7i6A08uWYl5hGgOAzF1YN+TWs="],"block_size":4096,"path":"codemirror/mode/rust/rust.js"},{"block_hashes":["rVNfaBu0J5CCX6itxuBIgQO9Ox9B621lYitns36L260="],"block_size":4096,"path":"codemirror/mode/sass/index.html"},{"block_hashes":["kK7+zld9D69gZ/Gdj4140mW8gNQk6uEOGNORg7jETD8=","UmvSr5cyberCKAEXwXO8znXWJnpgEsj7j/+jNNvcTvY=","3g6qZrdPdMTWwj0l9CZCHRlk1SKmIJDi4ntI3mgafw4="],"block_size":4096,"path":"codemirror/mode/sass/sass.js"},{"block_hashes":["0G7rb9aSZoHgfgYzTrc4qJh6hLL3/dSpsGp1afZ/eoA="],"block_size":4096,"path":"codemirror/mode/scheme/index.html"},{"block_hashes":["QfS0jlme8SLdKQEMJPQJrRVLGhbRw9m6jTHfZjCMJHU=","9LNfDEddw/FfcGRx9x7is7mtgVluB1U+NxUYBmmtSos=","hqXczFkPMWWxGbe1/RMR1+zCUIUurpgX70XSxE/Bvo0=","ohP311rD7ppDY3gqKyKF5fY6nPVQz7lyaN+ZJ9n3240="],"block_size":4096,"path":"codemirror/mode/scheme/scheme.js"},{"block_hashes":["Ty7nkVTRl0Nxe6hlVeUk200bTt491hM9FUNx6KKEp0U="],"block_size":4096,"path":"codemirror/mode/shell/index.html"},{"block_hashes":["Rv9mrXCTyfqTQ0Fkea6ivRs0qOC3Ex1lLfG09Ep/7fA="],"block_size":4096,"path":"codemirror/mode/shell/shell.js"},{"block_hashes":["eMY42k/z9VKpXZSP1UMhN8lK1LZomCgQZPoIEyEFO1Y="],"block_size":4096,"path":"codemirror/mode/sieve/LICENSE"},{"block_hashes":["QzRS20nOgQ/8wCJQBgThKEFBTd5Ll6P1Jw7EpLJfWsI="],"block_size":4096,"path":"codemirror/mode/sieve/index.html"},{"block_hashes":["ffIy9dYtoIaacALVbsrKjovdGhz1fkucgQisRNEywdg="],"block_size":4096,"path":"codemirror/mode/sieve/sieve.js"},{"block_hashes":["0oyOOD8g/KqelhfG8dgGy+9yMKnGQXHAAwXdphLpyhY="],"block_size":4096,"path":"codemirror/mode/smalltalk/index.html"},{"block_hashes":["uLgjS9ugW7uEgv893xbyAanyOveWLkXyKtElFMnNvDI="],"block_size":4096,"path":"codemirror/mode/smalltalk/smalltalk.js"},{"block_hashes":["o4clx7fnc20pX6mHNx/vKVUJI6PX8y7FOpQiRllhGwY="],"block_size":4096,"path":"codemirror/mode/smarty/index.html"},{"block_hashes":["SO4iy32KcLFzcIgd9Jwwj8mUHCRsoOV7YMxmYelIhYo="],"block_size":4096,"path":"codemirror/mode/smarty/smarty.js"},{"block_hashes":["xZzmI2r45uW5xVrczcZCzpBFR41NPJbk4+NKB2FWYOw="],"block_size":4096,"path":"codemirror/mode/sparql/index.html"},{"block_hashes":["B2HeV3vgMDluyaZk90ppsaqKmN7soVv/ZQ2ULt1QSRg=","jEQtVqnxqyGN9ncxuE1X5gmKZ5uGb9PIaTJZJOSxLn4="],"block_size":4096,"path":"codemirror/mode/sparql/sparql.js"},{"block_hashes":["q0uTE+BveMDhc6cEjSxVdDsiDs6uVumxyH59T7zSKGs="],"block_size":4096,"path":"codemirror/mode/sql/index.html"},{"block_hashes":["X1CL/Xn7SFvGGg/FoyuBB4HsTys5CrACAVrzjNLvDU4=","Xr66ijUS4LZsuWeeaILkpM9JQ7eV3qbAT7W4bp0zokk=","j76UBlcCZn789b35rKuxM2P9lC8ZJpyNt0O9A8sw0RM=","IxL2A0JHar5P02f43PsIqa0AqkjaZKDIdX2UFOFtjNQ=","/qz+F9PWa69ZYub6QYwWCp8CL+JSJFXOm9DM5mvE2fA="],"block_size":4096,"path":"codemirror/mode/sql/sql.js"},{"block_hashes":["2g8QoZK1KbxQJFnQk7ZSzjoPFqsY+kXV+QElLIben5o="],"block_size":4096,"path":"codemirror/mode/stex/index.html"},{"block_hashes":["1LnRL1ALDP4kHkVjk+0aHaEP/djdjuYG8n7eGx+10Vo=","qVwLgR+Tw2ZpARl7OCtjrUQV0VsjwGcQ8dLzHdAiu/Q="],"block_size":4096,"path":"codemirror/mode/stex/stex.js"},{"block_hashes":["/ZC53USIRwjcBPfhK3/h1nONCxWyRCp3r3dk/oBLZI8=","zAbUIoAvYGZhKZFD3FLO85dx0AvAPTl81iN1Qn4qFag="],"block_size":4096,"path":"codemirror/mode/stex/test.html"},{"block_hashes":["3Z3MO5HzB7ozrCijLkXBsndiRpe8Ql4+juaH3HRxqP4=","gqKSdyWpexyrwvmhSpOZzUXpnHiqGF5O7j9B8GTF7j8="],"block_size":4096,"path":"codemirror/mode/stex/test.js"},{"block_hashes":["UZ4o9//dHP63pux9DbogEDL8J5XVDFnbJjT2mdE/AFM=","NQyqyFmoe7Gal27eJ7L5mQL12Ffm8NlATbZB4xGXbwc="],"block_size":4096,"path":"codemirror/mode/tiddlywiki/index.html"},{"block_hashes":["EueEt6mPYxnjtV/48UugkNe9KqLIrA3z68joSMSDAdI="],"block_size":4096,"path":"codemirror/mode/tiddlywiki/tiddlywiki.css"},{"block_hashes":["7RsucEhaibmqjXfDQdPAueeDiDjoGM9kLvV1C6VpaTQ=","xGl22jcVHdWtqr2nlo9TK3A++rCgh4BOcgGiL3yN7IA=","J5dB7zj6VMlvWU3+NVYmLFSBFS6AMbDY+6mfmAT9X/Q="],"block_size":4096,"path":"codemirror/mode/tiddlywiki/tiddlywiki.js"},{"block_hashes":["ER51dLEG+07bsZ+ZFfNY0XaFQjX1sQMa2SamgtRFtrc="],"block_size":4096,"path":"codemirror/mode/tiki/index.html"},{"block_hashes":["ZVtHkydV02XyKGiz0LnLcWb6nd7kYokXiq6w7P+rNzc="],"block_size":4096,"path":"codemirror/mode/tiki/tiki.css"},{"block_hashes":["jCPxCcxa+Y5REsmDqOvjfHi53hEgZfL5XbFJSLDVBgg=","TKB80BQIZ9ZxrfnHFK7yDn4FKVujgTtRkIB3vrTeDOk="],"block_size":4096,"path":"codemirror/mode/tiki/tiki.js"},{"block_hashes":["XAXyTF5KhQwkaiBeCD3FRq9OcU8jkCTFCKW9AqNG5xY="],"block_size":4096,"path":"codemirror/mode/vb/LICENSE.txt"},{"block_hashes":["MM3ExNJsaaZoMHVTxqQagm7ui9lv7V2QvpMWI2DcRx8="],"block_size":4096,"path":"codemirror/mode/vb/index.html"},{"block_hashes":["Evt6EQfH44na4GSoTXs9v/Atzu1sftlnusGM4MlwI6s=","10qSiZSTp1oQbBrRthoaNJaRQHMutSfzaQDwkVLt5aY=","HqXVRmFm4hJAuEsR37aAYEPCVoDqHksjjr7IpLbOjdU="],"block_size":4096,"path":"codemirror/mode/vb/vb.js"},{"block_hashes":["03psE4VIwodBRRxno8kEIUdDMo47CemrEiklIz/kfSY="],"block_size":4096,"path":"codemirror/mode/vbscript/index.html"},{"block_hashes":["4aIwx1A0rMs4QXnbv3Lp9AZmh/QtECt6FAB5JTsTdzU="],"block_size":4096,"path":"codemirror/mode/vbscript/vbscript.js"},{"block_hashes":["O4IgqnKZ/PrLOPCKNng2TBZM3I6ku/J0D12qUlkN8lQ="],"block_size":4096,"path":"codemirror/mode/velocity/index.html"},{"block_hashes":["wKVXFTIiidzkpbKP04EZ2h43TwieteBaQ6ocM9dMrco=","ovbW68HCeYbzCVd8JZNzSeZG5+WDpQ2A4LuZAxUdRkA="],"block_size":4096,"path":"codemirror/mode/velocity/velocity.js"},{"block_hashes":["dw1FbEf5epzo0VBJo9ylZwtgJoYvk1zstctDH4kmIdA=","VZzFr8mt59p/j/xFU1WcDpgNzlCsveJWFFuKtSCSU4k="],"block_size":4096,"path":"codemirror/mode/verilog/index.html"},{"block_hashes":["DGAshA1l2WU0XDKOS+FK0qQmRDQwUvh3WUluW6ySPnc=","e9pw/S/biWoFtdK0cE+R+Ag0TEleHy+1pTkPFzoOYkY="],"block_size":4096,"path":"codemirror/mode/verilog/verilog.js"},{"block_hashes":["sFTKG4iybKWmfgz4221rTZ+p3+CrlyfeCUp049kr0D8="],"block_size":4096,"path":"codemirror/mode/xml/index.html"},{"block_hashes":["Ar0PkIKQQtHt3+/eADCbBzMiB8SmXjxDQlnH7b3ROgw=","4vlzPYtrAETM7y9ehckN2K0/O97A7o2+BQqv8zj0WIU=","ozI6hWC3wdDBHy0Owy7jjkF1nyNUIMk2qW0UqQtRwB4="],"block_size":4096,"path":"codemirror/mode/xml/xml.js"},{"block_hashes":["VmCL+aaLp866a2TMc2brTxryHAj/vjWQAyyW+sURFVA="],"block_size":4096,"path":"codemirror/mode/xmlpure/index.html"},{"block_hashes":["BFA55D0oUwB+Np8QDjII5LYsoWSR3cXVLN8UlXDbA6M=","30Q740nqF7SctNaaB1RmwtwVcYG4l0w50C3qRMAxcGE=","ptwm7EAvJ634sHu7Qw8aDhMdVlBIjjXGTKcrm7CLA9c=","qXOqcxJk95pvK7G7vnixPzhsqlffiTh+9krzNa703QE=","XMpW9j0CzC+jrD/7Pwvg7mY5CseqOldXB7on5+gSP04="],"block_size":4096,"path":"codemirror/mode/xmlpure/xmlpure.js"},{"block_hashes":["K57+OZoMkyOpuTPi0bPcVCM+lBjwviQIrAk3ZoSU+Fc="],"block_size":4096,"path":"codemirror/mode/xquery/LICENSE"},{"block_hashes":["rgjAEUo3X32nbqvhT24ZbD8fhpm2/y7UCqw7faEqxjg=","NXuXjz0SyrreiJG9nJam1nNm4NwowfdLc1w6KrEgcTc=","ueybmpOrlfKLXu4zNASpxDJTh3DHaHo38n0VAjSI9gc="],"block_size":4096,"path":"codemirror/mode/xquery/index.html"},{"block_hashes":["H92OYjzxPy2On740Be5770ZdX7sz4AUJfaRgMz5KO7s="],"block_size":4096,"path":"codemirror/mode/xquery/test/index.html"},{"block_hashes":["BU3/yA6khuWMds7XaycdXx6bd58txZHEQmFGTHY3n7A=","MDcutTBtcdOAJF23mv3vb0YHGNJpUD06i+O5q+r891k="],"block_size":4096,"path":"codemirror/mode/xquery/test/testBase.js"},{"block_hashes":["qlOvt1rghAv9zrSRy22fqh+ASWHM6MoRpuo+MlYoDQQ="],"block_size":4096,"path":"codemirror/mode/xquery/test/testEmptySequenceKeyword.js"},{"block_hashes":["ci/26wWVvHWOZNGIEXsBUzQYy7ZflnyQEu62wCAjCX8="],"block_size":4096,"path":"codemirror/mode/xquery/test/testMultiAttr.js"},{"block_hashes":["v2JWPmVyfc8ogK66ZXRayyE5GGAfxhheyGtXmXD+MJQ=","l1XQmjfowxT0OkLOCcZVCUtC9MGnRBMxlHykbGmgFo4="],"block_size":4096,"path":"codemirror/mode/xquery/test/testNamespaces.js"},{"block_hashes":["ApeHV4ykMjH68Od6OW4avhVET3ZoOClcZl18HNPNl0s="],"block_size":4096,"path":"codemirror/mode/xquery/test/testProcessingInstructions.js"},{"block_hashes":["9IuYza32NhspvMmpmZhAK9ZvzyhVfqdmyOQwA7R96ts="],"block_size":4096,"path":"codemirror/mode/xquery/test/testQuotes.js"},{"block_hashes":["1uqORE4qxjAkA3CWDoWxpykJ9HFN3qBYUpVmTQAzrB0=","p5WfXQvVzQTVC4AANFYPqSi7CeH/nlxvjsczeRJUEbI=","i3cddSYuppCjtPbUTO49JgAoVZ12VjW1HLD59jEkV8Y=","w24nak6Kc9jl+JmqYqkuGdl8biajKeFytyg5GpR87HQ="],"block_size":4096,"path":"codemirror/mode/xquery/xquery.js"},{"block_hashes":["NhcwfZFrhDc/8Ozk35N1Q37OsUA/54UFFHiDI4BIR+s="],"block_size":4096,"path":"codemirror/mode/yaml/index.html"},{"block_hashes":["/pvBkh5woQDpWMTHM6ZPBoTudqJUBp71Eo2hk4k7IJk="],"block_size":4096,"path":"codemirror/mode/yaml/yaml.js"},{"block_hashes":["cbTPpPk/X/oi0ESljl5Pu9o5/P13GWakDIePiThKM2s="],"block_size":4096,"path":"codemirror/mode/z80/index.html"},{"block_hashes":["15QAQ6kK0CS0qxB5bPQdYjKoDbE8z1D+93/CK3V5RTc="],"block_size":4096,"path":"codemirror/mode/z80/z80.js"},{"block_hashes":["DaptqbLYHblUO8tbH0mX8zAKUJ1Lfi8otICgXFKrWgY="],"block_size":4096,"path":"codemirror/theme/ambiance-mobile.css"},{"block_hashes":["FtB4B6o7knRRSk7ykR9DEH1jIX5IA6H/DOy52QZchuc=","HpJFZOtDGldMoCodQ/+aDtZ7KuiRkGXiyVPLVFDk/Yw=","hwukucucyAjjNWCYeERXao5lm+qVXKeMj5EyFFCWSW8=","a8lYIGS6YS1ZQ03pI2ipSw8By9uK8cL59B6eQtp0PCg=","jR3PPjw+JmTZg4ujUVfzmxdeK1i0l3WVJNdagMsWjyM=","0dDANPdnC+IEyEwKyw9eV6FTw7ISVwHpFqGhjdyw8v4=","kORelSlvGLSHo+CGCvWaIORoewKQ6XLzSS/xldmgzSg="],"block_size":4096,"path":"codemirror/theme/ambiance.css"},{"block_hashes":["LqDLlm3K9434Dnh8frZMzBEc2VUVpxMShjxT7TeX62g="],"block_size":4096,"path":"codemirror/theme/blackboard.css"},{"block_hashes":["LsuhQUd3LgkeGOLR2qghdq+8MXtpb1IfvYS4J62DfUM="],"block_size":4096,"path":"codemirror/theme/cobalt.css"},{"block_hashes":["08pKU67A0w9FfVoVE+YrAvu+tD2EAMN1j+YqQqeBT1A="],"block_size":4096,"path":"codemirror/theme/eclipse.css"},{"block_hashes":["1eLlbADu1jlsgK8KDRtDClABgRnfmrMchSq8zMx5O8k="],"block_size":4096,"path":"codemirror/theme/elegant.css"},{"block_hashes":["/LqKurkV2lx+fbIfMLDYzghIeUOM4iYZB8Ji+o0AxQg="],"block_size":4096,"path":"codemirror/theme/erlang-dark.css"},{"block_hashes":["1r2QBq9P0pMVieYm6nUKbAusglF9ymnx81oggEWWrxk="],"block_size":4096,"path":"codemirror/theme/lesser-dark.css"},{"block_hashes":["BberoVQ6eLq9ZE7W1JhhRnNm2rEdyCN1yXBw2/DI0Ik="],"block_size":4096,"path":"codemirror/theme/monokai.css"},{"block_hashes":["7uBf7kbbt5QFDlDJA8EYQVVp8TzuXyQl7ReXPJgQIyg="],"block_size":4096,"path":"codemirror/theme/neat.css"},{"block_hashes":["d2DnzBhmcxd7HyZ3j00EgVPnlnoFTDQyf4r06dI8j8c="],"block_size":4096,"path":"codemirror/theme/night.css"},{"block_hashes":["pWe3QoZomcKRVmaG7Dejs1uFkZqqRUBgXakKA6HpKaI="],"block_size":4096,"path":"codemirror/theme/rubyblue.css"},{"block_hashes":["yK3QrzgpTfnYpk7x2wDQuqwtBNLGx6Vox0X+aRxbW0U="],"block_size":4096,"path":"codemirror/theme/twilight.css"},{"block_hashes":["gSFP7AuMWxyURUPzIk3h0hOoVWIXwWQbO/vwtT0OoF4="],"block_size":4096,"path":"codemirror/theme/vibrant-ink.css"},{"block_hashes":["LGLKUKfpI5vJkMqGTIeDQRF5rrlhr/rXhSKkCOLZuBM="],"block_size":4096,"path":"codemirror/theme/xq-dark.css"},{"block_hashes":["1yqnTXGJHAL4Fhwe6jzT/DcgltZ4zDusBPPmx/ABnQ8=","lecTtT/sHmQsMd+tPkynP8BEODTU39p2EhVjCOKr3zY="],"block_size":4096,"path":"css/bootstrap-modal.css"},{"block_hashes":["a/xQ7GBC9RDD6RG4mR08lKhbxOx9GBbED7wP7KKqu5Q=","NiUBLmBbfozVDjQUzDfIA9PNkC5EwEnAAqpHKhVNIGc=","lW3rV1zAtU4YYaD2NUyt8Z5jxM13tjiIuNUolkJ+zdQ=","pY/l1drYUKS1BQkdJoTrmXeFun53UI4wXLNnNf27r+E=","jjMtL3in14NH4/PX21s6qn7nQA9e0rVIqIGbeNKB3Dc=","cxQ/ScKQzvG/1JwDHx7b7q+JXCH4+6Daev4fKYZB8io="],"block_size":4096,"path":"css/bootstrap-responsive.css"},{"block_hashes":["Wb4Gi54DuUbutnIVh9ZlssVmRsO5AwERhIHUYWqPl8c=","zFKgDD6JxhlK1RTxBMVqUmtgErFZJThxMRndehX3oqo=","MTlVcozpw3E+lIWw5EyqEFf0lj0HnISa5xthiABf7Hk=","a12vdRqaaAbQp2SUZxfBPyG5VQ79q3YgWW+TRDsbl4U=","U3wBdeKrdI8lXZ6/G7Yd+Q+TTvuvqYEBfD7fo7ezE2E="],"block_size":4096,"path":"css/bootstrap-responsive.min.css"},{"block_hashes":["V7otbjLpki53f6SVcTOkLCU8xmgvmp7egVeaMeuJ5Zs=","rmGSiIty8PTXAQ/x5yAHkzXXXa8fvMHzjE+af1iCiOE=","VYHQ578qLajBR7YJbuGFYcgk9qqdd5CL3Ib6aSK4oZA=","bq6DXVOBy6HuYQLM13tfmvY15uhHVFm+JDgyiR2xZbQ=","U9VuZlvW3a818GoqPA3ITFNmFAGmUXdTwKGpSYQfor4=","3BLlCiSxRbhJqi8BlqrWz1IZcHl3iBN8809AcLTFhN8=","iFqKycYWJFKG/qK7oyi+8RuAwiAZG/kFnlO8EGyNUnc=","oynzFi3choCHPJJsFmJZ5RIWYLQMjFb6SU7NEw2JP5c=","XKg6cg20X575joaoV/lusqdoeheaI87rMDUSoHkKY9Y=","huHIaTPbns8DrBtEyzuZ+utkeWswU9szZNoAuJBvSHk=","Bp6z7idph3l82xCQ6bclY2YTcRFWlhMaAX/OjahNxSM=","fnfqwWpzSq8ywpJhwyJZ7lOG2P421kZeG+TWowyeDDs=","6lYB7X8QI/zNtFFA/d6FeAp+onMk3g9/vOAvXDH8Mqk=","rw5OVQwI1O5QmCxZOWB/1U0I9TPgyNdT9H1kQGGsSvE=","/6iQl1QAIEQu+W30sIBFn304lHDzHXQzBIjec6t/GzY=","P3Q4e/SDfMfkZD1ToO+mMcMD1kW3cYgl1Tx8RPZ4UOY=","i+V2yCcVISLaOk9MMersvtPupaUJChRSSasuDfD30Ks=","6/097+Y8CmO3r1iEKUJC9sHZF7lHrbKc7mNyqzyVEoU=","XgpG/tpdRl0PMFH0/CXTTACY8mhxPOorb6QbaBcEjO4=","pu7hlYbbEpKOTd2fG0lZEY6QPbCiS+Yo/Uhig5W4y4M=","h1+YQiVOrclHQeaNCZHZDgko0O6EOc1AHqsTXtxqSQM=","B05YsKNJQng4xjpgX/BEHba8MSgMXgJXuogel7Mpg8o=","HLlmsWuvjlcQGbi7EBVYcbJOIg7nP1h7JIvg+X84WEY=","a0KHLiVpdUqac/TT0rj9U//GoYuQ/CvGCtseMYHLlCw=","Iskc6I2USpP1KUNQjPMnskOdaE1VJUql4no4np4qp/8=","xZvKE4MTZpDpTk+dAa/Ak6TNHfUe6k9UzLg5tmX225w=","5rJphSenNzXnPXI6g+6lifS2OArOQnnEMGmG5eVXFNk=","9IH6aVhWFRwMOdNkOr8K1rDPvtnejZ25mtm5TAOFBFI=","T9odt4f4qY/aNGePuphwPBFmahKeu2gsloK90fDLU0M=","Qtnz0OuoM9SWyOUSF1sRESQg97u6aFZ6v3JXfTXeql0=","nSyVLkmy6NFUgxzWG264LSqCWsffdC8nz93pfpSq6yc=","sCCoTrB1zINIbQk9hPGZjrpzQVTGMPmKQoKjUqfx3Jo=","S2ngNiFfE15VMeC81VFIbmIArQcz0gv9aQ4f/scWSoU=","ov0SntJFkLhrRoqhljAD4vHoSGWHLkEtSeJZoyweIas=","ZoMhqRGxmk4R5J8+AVzbrmTYGVarDtiFc1m20bHBRyQ=","GigqZm9xvg06qoKQylnTVGALXi3bKZUGU84dlBxX3Sk="],"block_size":4096,"path":"css/bootstrap.css"},{"block_hashes":["shvej59WNBfkpQdPT9i+DgvQHf7un1PeMN7DE7KIDlg=","sGHDsL7SN7AstyN9MvjMq3qJKltPHE3MUMg0p3biD5A=","HIud3LMVO9lZ9XUj+0LrMcoVwqpOfh160f7QhXh/jxY=","Pv5xXxcnuImtTotbM4F9X5q7471gt6VamepH4yswZ4U=","cW8PSl8OCwGA+9q3dEtkBX4rZ3tC3jpi1hq1yQZkeM0=","Gyt1WfghxEo01ajeRFxGqKgjuWohS+vHp9HLoFGRCZw=","3BKMbYCdlGocEvaMhlhaXZfpPuCn+9cootGF7sGUT54=","ST+uaZF7hZQrTwCnIzmuscULhd/jn1+ri4pFc7DctqQ=","nY9M3OtIbvX9k4P1fhk9pmErpAUfu6v531JmuSmyGcI=","NkF1WzETzlxrlKqmbD3ZK+HfVnylFH6uDUOSog5tILg=","UGI1CsT0KfeauOPK7qssdr+jZSs/kSPrjOgSopirtfo=","5KFhvp+CFvEthgptPoozXKUzPSFX0YQa+L4QXDL3VT0=","Ng/OfyZnKfpgWHl9sUr9xpfLtcfqrhtW7XelQf+A6lE=","swewBErw3DFQVj3woZ7KHIWCdyeC0a92q+n7kyyZaSE=","XuScrVp08/eHihQDqGBkXiVrCoKOkF3D4LDF8Fq/fLs=","7dQ5unHWRwq9rBq3fSCKng7Rr8VeBafwXkvIXyjiz4U=","k10spJZlG20X+BM9u+fvu5B8TKIkk4D1LeNWazGDmrA=","I52MRrcF3GS8NuYkMJLUQQVCpZhQUGgsZpZhbQpCZnM=","aHZO61zz4QP37xsZvIdTOEgexKubMxvOhSsibiECIfI=","lVpXl6Ab0VBvlXf0MrU4J4DiNavPF2I4wB7EuKM9zrE=","ISyjB1X3WVUzq7GEErZAEgRnl6LM2e91mRfu6o8kc+8=","uEVt/KGFOhcRs9Q4RZJuT9wijGBJUK2S5gewDekMe58=","F95y9vja0ORevJwX4spMKSjAeWxwqLmITnBoXtqA4Lw=","Ows/f1NQ9w/MZXwvdqS0qPJUQosvzs1NQldmSG28uP0=","td3VFU3wQk6aUKoiDNJVLSi32kk6ygdXYFlEonMifFk=","YHuiElrPnbxN5I6FL0E65VERjMqR+gpZxAZrNLAcQC4=","9FHkwyGOmOwj5o56arxUW6Pg7PSUYY40SzByZqjFk6w=","Op9YeOJneKJh5r9bM3Z+8+CJsco9bXsH1AVomNXaE5E=","w3mCE6bKbYKu8mLtTZXosdzkrkAPGaK9Bp4CudE6VBc=","ahJWmkeVBLnObl8jMwHknPKMZW4n2puKg1IjIIUdlPc=","sOeRhyXWWu+OjPYz4SdXFeeTNWfWcc7uNCe6/15dNmc="],"block_size":4096,"path":"css/bootstrap.min.css"},{"block_hashes":["iBvSSjMoxL6DJM0HyTbP9AVAGxFSryjEmm+oXrhOiAw=","EsqFPkOhallB6LRe8Qr2pFMxhurDpTTmZabIyytp7b4=","GVOS+/n9HyIR54ZhHAUZ+ShFWPJNwvPxrdKOkEnhIM0=","xQvLNGCU5vdu80H0NIb6xECTIJysuiRslbfD4nQT4T8=","q7NTbbwXqPl2cLr1ZNe2QJQUfNI2O6Wqiyxz8g5ZnqM=","TUFbk91PeogB+kAfkUXeZ8NoPFddzgzSx1YpN4Vd9Ng=","zSbMIXpaxWGs343nkCi8MBxmmzawOJfy9ytOk+GLSQA=","Klg0ULIfr4seVdbp/cNdQGMK4mtM1J+X0S15Vjmv6M8=","pYPUXImIyLXrtbA28aIMk9y+zkgN4ZZNJw3iWODKBM0=","+F6l3ZFItCNmZZC26hhHcFkjAD0lvbeDQ7lTRsfT9Z8=","9EBv/5tCtvun9PJPMpfT3l8uhbiqYey8p+bLg/4WVvo=","EsOUNdxKEciK6NIzwGavF9KC+4KwkSSUkwFefJxcTvY=","trybqN0q4+iNrr90CZFgu1/AfaztgRk2d0TlVdDcLdk=","AGOn2RYx4fzJRZpwUWYYJcKAobyr1LZx8K4cGTDLAQo=","w17giEBwuPX+TiH6Dm9y6Zk1YDWNAhAxI9X46HeF1Us=","DDNX7OO/JEvA6OdI2SSI7YB7qGvbd3efZGyNLWhHZEc=","m1tZIjNg3ZX3BBIsQTNqbcl3bRYVhkC/LZReK/21aiY=","7EzH90Ig270wAMzWaN1wxeriThfoMrAufl43wkV4dxI=","nwZH27mYF1rT4jlPyXTRndnQAHyOBsZRneuODT32rXI=","yRcK/sRig2J0tNr0rm3zjHcbF0k+aV53ItCc/nvyFjI=","cqStiIhX3vSKlQ2Ay2t5yOX8Drk9zb3p/559iyUrojE=","FebIPBSOWq0CtuLowmC9XuztiMCLJSClL0wFsZEWZOg=","chEiYs8Cl+9CKRYkts4Z5gzRrkUjpbjkqv3/6PNWSFU=","3+/bxBnxcfpD/f18f7zXCqHgHD8QatIF8Me8wh7FXAU=","pQ9zREJbISVVqoWlDkF9E+1UzWuFr610qe1353/qJAI=","vCFFhC4yixDwS/3u6138GY1Jf0zYuvhM14BnSbNr6Eo=","wMhExdOKs4iWhPNoTB6ENM8mFg0+1wsu9S/PWgge9Lw=","pos+mBSOFdhgV98vA4+HIPpdLGjNJwzGLWcLDX5kp3I="],"block_size":4096,"path":"css/bootstrap.min.simplex.css"},{"block_hashes":["UqSU/Yj8K2HlmodqKL5aV2DOx2Bfl4e9cFdzSBVjlLQ=","gpRiMDY/GcNUkvFT+YRJrV9WYHkL9wyvMLGi4/h6ppk=","m4JL9wVLTvgPqdfX5HMbSHRtFVoWziVVR57KL9ocx8U=","t0gh68HJy3x43IOd4B1EJib5ICij7yqQH8xK3yOqs+0=","A0pZsOxxab9aXs4X7uZrUbD967iZcoh/TlZtvcrlJ4g=","2JGa9k8w4qGI2dlFDIx6qpCKwDj8cgJI3zADAyLs4IE=","jG/C7lMGZCc0hARDdXRpGdUOidQGjWl+S7Ls/GdbcMY=","Zzf8/+YuPWdtQ8TiJxLtl6fIRmqlVwteWsyvzUv/BfI="],"block_size":4096,"path":"css/bootstrap.simplex.css"},{"block_hashes":["c55gI7N2f/rsAQLyuJgYyYS4fHcdG+8Wx2JspkyWgyk="],"block_size":4096,"path":"css/custom-theme/images/ui-bg_diagonals-thick_18_b81900_40x40.png"},{"block_hashes":["JtAJ0J6iep4IcXwlLGRR5HP68/2r/5EeZybH0UOnr8E="],"block_size":4096,"path":"css/custom-theme/images/ui-bg_diagonals-thick_20_666666_40x40.png"},{"block_hashes":["fQDvmZZgv9Bg4YsFDT86sSy/heyuT9WzjO6zIQUfirw="],"block_size":4096,"path":"css/custom-theme/images/ui-bg_flat_100_0064cd_40x100.png"},{"block_hashes":["DhrBmBcafvtOMxsKoJeoqh1OvbreWynEhhu0IvlfG+c="],"block_size":4096,"path":"css/custom-theme/images/ui-bg_flat_10_000000_40x100.png"},{"block_hashes":["fQDvmZZgv9Bg4YsFDT86sSy/heyuT9WzjO6zIQUfirw="],"block_size":4096,"path":"css/custom-theme/images/ui-bg_flat_35_0064cd_40x100.png"},{"block_hashes":["KSBbLRmM5O7VadOKXOClXvJ6DI5kNHPDddYjztfSTKg="],"block_size":4096,"path":"css/custom-theme/images/ui-bg_glass_100_f6f6f6_1x400.png"},{"block_hashes":["8ObNkbg31cVkTQJuX/7M2QeVMxfNXA9omQFzOv2iYLI="],"block_size":4096,"path":"css/custom-theme/images/ui-bg_glass_65_ffffff_1x400.png"},{"block_hashes":["Qf9l+0+bby+pydAlwumwyeCaKu5vMiZtGe6TyK9NrL8="],"block_size":4096,"path":"css/custom-theme/images/ui-bg_highlight-soft_100_eeeeee_1x100.png"},{"block_hashes":["Hhz7IJ8pHx6+M63wMB0n8DCJ1321pZ0iiMVM3l0ESXM="],"block_size":4096,"path":"css/custom-theme/images/ui-bg_highlight-soft_75_ffe45c_1x100.png"},{"block_hashes":["rVM9ba5HEU6dFa3+N4y1QWbi5Dd9dNgWod3BwPnFoZc=","Xmam/fmjrRvZ/4plhH1grke1kVKWo9frGnmP4VfBLFI="],"block_size":4096,"path":"css/custom-theme/images/ui-icons_0064cd_256x240.png"},{"block_hashes":["I4s85ycLRZwP3v65+vFqHms5cLRX/5xkJk5CP7H4C/M=","Xmam/fmjrRvZ/4plhH1grke1kVKWo9frGnmP4VfBLFI="],"block_size":4096,"path":"css/custom-theme/images/ui-icons_222222_256x240.png"},{"block_hashes":["LNyt2ay6Il77cR6gAVrxHJ9qF304Kmfu9qXu5+XJYt4=","Xmam/fmjrRvZ/4plhH1grke1kVKWo9frGnmP4VfBLFI="],"block_size":4096,"path":"css/custom-theme/images/ui-icons_228ef1_256x240.png"},{"block_hashes":["moyE0MzdgmWdqqENp4msYN65gRdS1LMPiZluOfDr5vI=","Xmam/fmjrRvZ/4plhH1grke1kVKWo9frGnmP4VfBLFI="],"block_size":4096,"path":"css/custom-theme/images/ui-icons_ef8c08_256x240.png"},{"block_hashes":["k9XfN+VrZJNCV2jG+d32oq8wE7KBNvyAxUb3/Ma5HYA=","Xmam/fmjrRvZ/4plhH1grke1kVKWo9frGnmP4VfBLFI="],"block_size":4096,"path":"css/custom-theme/images/ui-icons_ffd27a_256x240.png"},{"block_hashes":["89oA7R2gD7cX8xvipBQg1CNmNiObb90JfZmXaKyGBds=","Xmam/fmjrRvZ/4plhH1grke1kVKWo9frGnmP4VfBLFI="],"block_size":4096,"path":"css/custom-theme/images/ui-icons_ffffff_256x240.png"},{"block_hashes":["34rOPnWLjwG6TrTTGpflv6OtfE/gx3IgCxm13DwkRnM=","XZBEJPIgDdtagkR5DW+4dRYGBTtslosvGt/aRkF1DoU=","R0Wvd4JqVg0u9lHslZ3oYme4YwLFw0aUCXsjb8sfFcY=","iIgAsb57SnCz/vuPr+CvJL/Jbse/Po+gtGnbVJzdcPM=","28satgKiXOBZLQFrrUEuwTeD//+1244Iem0AFhFpxAA=","dymUnv7AlWi4skCV+AJmp4PkYRGI/w2K88zoBdg/pvc=","DHyglX+biLHiZU7DVKp5AuvQFR6ucqREN+7fx2Zh8ZM=","bnwJ5+8MG/roMu5iSzdZmJT3GAWpykLXKtdXjm+dwz4="],"block_size":4096,"path":"css/custom-theme/jquery-ui-1.9.2.custom.css"},{"block_hashes":["uzyDr8S+JpiOkh1DvqTqFRJNPmpan2aojLQRT7ZhDRU=","9CLL8G11U5ba2tr5ucXNjOIBETbn7LGaU8V6EGB5iFg=","7znYypbMu1qjUqoI5EwFOP4ghoZKLLo4m4MwOWWw4j8=","dLt5weo+ywcvJuNyNmKLLd+9EPCPadpCyx+6TaiYESk=","oEdiKak+EbJY7m/Lt8yIPHhZ/cO2CXaf4BiovCQWv8c=","ujLVl2qZke4sB6XBY/n+S+r5ce/wVnAGwujBPhorN6g=","QLg00i4BB26mzFPvRMld2FbRLOG0wOyoGSnRHhrjS0U="],"block_size":4096,"path":"css/custom-theme/jquery-ui-1.9.2.custom.min.css"},{"block_hashes":["sttVt07b+s4Cz84DJytOYpM8PKoqNmpVxAKFFJlDyos="],"block_size":4096,"path":"css/fonts.css"},{"block_hashes":["TlqjhIHrz7ltQzhQ4Rvpe4dT9Is/uvWve8IrnbdqQm4=","s/U/XI+dSnhszJUaL9SDuEdmQsVIOijPR+PX1KyM0AM=","dBDuNU8mmzQ7eyslBr5VCFQ5RBSp3IKpeHfaZ8UhA7A=","wdCWw5c9Awu9JzCG2P08qxPpSA7LKaAWw3kTxTWWDns=","3rrB8L8xjhB1KML5K/LiAOowzn01Yk/Z0GBb5VWkn1w=","z2loql4U5wLutPAbtTdtNpAlaIuIER0K1kGrCl6bTGk=","1bh3Cf66XJ8imZ/6Tv1sNrD6MN+Wb75fjmc7bJctvKw=","OIgAQDborFWB3Vnd7lBzp/16jlsWtCNvWatqUwuAqzM=","Bjc8Wo2v2wzMahu5vrlJ9EpV58yCtFLNmimj4zxrAMw=","v2EEAyyyVxaP1/CBNEM7QuWCB7weobQvP8/nj8lyf1o=","Pdd6YMEw//otSpaJe1hk9Pj8sxWfAlDMxhLJAViLmB0=","P7oRiCc43HdQqCrgunJ0rP5aHdfPuwdMBHLUXFh79w4=","zGkK6bRY/AqPjytWGgfbBOquIjukbV966ypfe26lfdU=","b8DL/8HTdo1jfc68KKXG5KW6mr+HTGIbXGnrd6c89m4=","qDkP9mTrf6UKTapNaH5ZTqYW+YC6xptSqT7BA7sc5p4=","f5FI3x83fscymag+8OCZiJvhon6z2uHzrU/iDQjcOPQ="],"block_size":4096,"path":"css/fonts/TitilliumWeb/TitilliumWeb-Light.ttf"},{"block_hashes":["WT8weEN2RH/jofJlFKAwkF8w2cpR3EAt9+4A4McUcSE=","WiDTXvIKWIcGRbYdPGcmpHYrR71VHx/TSnY7+tDqhQA=","iRJuMdIFMcs4EQqD+hFR+vl1dRS8pBTF6slZ+/okmmg=","GHsjos/0gbKl46cow8ibcExvhJvW43wJw3gXYMtkyuQ=","5Qs4RiMrQga3iZybzfOQNQ6rZ+yNsYBjAIyh/NS8bQI=","Ks5UYr2epmJrrro3Ob0JUdhoEcFcVvrQ28uUbbkKeho=","mBX2y5HZu+ctdj4A6xYyMFFKUezxxzP+LDja3fXItgU=","5WksAEelQyKhFvd8jCNgcRUMghK1Jb2r0cJC988AKzk=","QNQ5RCnyq3/D3+rgQrsER7as9wxEwbNFaYfjxs5AQQU=","YED/91+W6tYbXUlN+NMEHDVzaNoywepzW6RD9LeFdpI=","9OktgeV7WTqZbJGC1JKBg2rx05HemW8kc3P11qkVKEw=","paYSXkJOPmEdV0CjZGc95mOgJnNn5eylBMgWN6UkGyY=","YPBP0CmzvGlbIG7G3/t1EbqTTZosAfzT26xXCdYkjpc=","AhkvOHovvE7yqACX3qa+WWfDEYJtwydyyII7aa3Uaw8=","FdRbQwDG+qERWlcf8z8cfTDV0B2XbvIufNVAAmQWNTU=","welFaWpgVPUCW6cvTTgfmUCKWyhiJ05SSf1g43/ZfXs="],"block_size":4096,"path":"css/fonts/TitilliumWeb/TitilliumWeb-SemiBold.ttf"},{"block_hashes":["zF3E7wh2oScT4eg7hY8oTaIGcVAJGgdryBjEPAGEdoE="],"block_size":4096,"path":"css/jquery.jscrollpane.css"},{"block_hashes":["tCQmtvEtKDagGmuQCDaT0v1Q/LOQiQlidW1ciJM7dBM="],"block_size":4096,"path":"css/keyvalueeditor.css"},{"block_hashes":["y/3Hxv1+o9Dvd5HHmPU2/y4fEXvzJxJ6PwWYX8hlEnM=","G2gmntV38vL9o9mv1C8j+NoS6oCGBsT8VrAmh8TLyBY=","lVaxlTQsjjUzzDhtMwkc4V17NorHHZOXPsvpif0kaXo=","q9cZBNzslWOU/h4cQCKIlHpDY9sce54zdk3/6K8yLLk=","1ufwAowZL1sfExlqP0XgXBFqdpAmWc2lzOua5uh4Sn4=","HjesviQIgbrVPmftIwZ+NyeZ9hY4aePXqpiObx9guJk=","z5Umer6259klqSxU6ZDIw0aAoY/VfMK6PY98HQok2PI=","IqmD34meBeIPxP2bL/U4KY0OAxfMp8CBqOplE4NdL3U="],"block_size":4096,"path":"css/styles.css"},{"block_hashes":["moSSpYC/hdPpiuiGH71FVn5aH4Pur8+VdNoDmdX2Aqs="],"block_size":4096,"path":"css/ui-lightness/images/ui-bg_flat_0_aaaaaa_40x100.png"},{"block_hashes":["aRWX6KQKiR6pTTWJl27Pwz5hRcSUIkQ7AKwrWgAilkw="],"block_size":4096,"path":"css/ui-lightness/images/ui-bg_glass_55_fbf9ee_1x400.png"},{"block_hashes":["8ObNkbg31cVkTQJuX/7M2QeVMxfNXA9omQFzOv2iYLI="],"block_size":4096,"path":"css/ui-lightness/images/ui-bg_glass_65_ffffff_1x400.png"},{"block_hashes":["wQj1y/LdnsB6JlMGld3ZXhZkWXzmwFauRMFizC4ozsQ="],"block_size":4096,"path":"css/ui-lightness/images/ui-bg_glass_75_dadada_1x400.png"},{"block_hashes":["3fXdTg7ysYXouwr3tukOvnSoQ4TLRwBljnbnVMi/5VA="],"block_size":4096,"path":"css/ui-lightness/images/ui-bg_glass_75_e6e6e6_1x400.png"},{"block_hashes":["L17LvSllzja1tHIm9ZSFvU+98DjEYLCCos223OwB/00="],"block_size":4096,"path":"css/ui-lightness/images/ui-bg_glass_75_ffffff_1x400.png"},{"block_hashes":["VCcGVt8HnE2lGCYpoID8YztvhLh5hesBbSWlYOLDjUo="],"block_size":4096,"path":"css/ui-lightness/images/ui-bg_highlight-soft_75_cccccc_1x100.png"},{"block_hashes":["W1haUxck5yl+J3+th/mrukYtSriHmCfzEFs21/WjgPY="],"block_size":4096,"path":"css/ui-lightness/images/ui-bg_inset-soft_95_fef1ec_1x100.png"},{"block_hashes":["I4s85ycLRZwP3v65+vFqHms5cLRX/5xkJk5CP7H4C/M=","Xmam/fmjrRvZ/4plhH1grke1kVKWo9frGnmP4VfBLFI="],"block_size":4096,"path":"css/ui-lightness/images/ui-icons_222222_256x240.png"},{"block_hashes":["7wY7UHfshlKVQgJkyZeEL185urUmsEsgk9aYGsK6uSc=","Xmam/fmjrRvZ/4plhH1grke1kVKWo9frGnmP4VfBLFI="],"block_size":4096,"path":"css/ui-lightness/images/ui-icons_2e83ff_256x240.png"},{"block_hashes":["aZ7lQalzJaN029jgADJIt+O362fo2PepecfioiJdCRg=","Xmam/fmjrRvZ/4plhH1grke1kVKWo9frGnmP4VfBLFI="],"block_size":4096,"path":"css/ui-lightness/images/ui-icons_454545_256x240.png"},{"block_hashes":["I5w8W5NBKgC3yMH0RJFALCKZs0nnaQqIiETWT1RzoJQ=","Xmam/fmjrRvZ/4plhH1grke1kVKWo9frGnmP4VfBLFI="],"block_size":4096,"path":"css/ui-lightness/images/ui-icons_888888_256x240.png"},{"block_hashes":["r2m7RemVe4lVHEDuQHK5q3oXtC3sKjTJ1MOICs8+D9M=","Xmam/fmjrRvZ/4plhH1grke1kVKWo9frGnmP4VfBLFI="],"block_size":4096,"path":"css/ui-lightness/images/ui-icons_cd0a0a_256x240.png"},{"block_hashes":["cZ7+8wzMTetJGV+bVP6aORWIdV9TZ8OKK3D7IngtXII=","ccXeY1+xpa/+Fh1QSA6q7jjdzSW9nz0QqYojNoZCsVg=","VGEjtEWv8HKqSAIxM0PsTHoVw/n5lYCiDkdMB7arX4M="],"block_size":4096,"path":"css/ui-lightness/images/ui-icons_f6cf3b_256x240.png"},{"block_hashes":["OEeuU9ed8fxcdGBQbjWedWsyakxbQD6wycGBJJiT1nY=","9+RdGcdLn4OampY2qGoXfq6xhH33qvqMYFJ3iMF5atc=","88j7bNDVegMf2j+ArVY2lHhsJCsFmnqPTii2Q8GJZKU=","or4IRnYEI0/JOInKDzwZtWdkPm4iQlWmG+IcMngZITc=","l33IEUs+iSTLkJbnmysPoZNcXyzlBXQbG/g+sIW0/YE=","mQjh+ompkxTeAxSe6ltcT/ZHb6T3Qj6RddUE3P+7DS0=","x7R7lpezS30FiAS1FMhMdY7bOCxBextcKNnS7igAQTc=","SxRLLL87+63O/yQpazd7qL2U+mD2Q0I2JWHGh7K2GoE=","ALRLBDqmFrGK61BtQSvHd8fQbDCF8GdFttOLPkwwMSg=","llZjh9c3Sk4k0hUtHRS+vcrWCuBTzXLY8JuZUZmu8Kw=","Ia6YfjazvTxJnI6jE8UTsJVDI7Ja1A6EQXgw5yoyEag=","t6bWDxzGF2XPFw1gaRB+m/Ak7E9mHNkBeB8bt5mbUHM=","zwPozS0SVDRNM/cFaRJNq/Gh9dzi1o6g0Bt2mmtn9no=","sw/PLLqhIKyUgvIgMmKiMUKclnRR4JiZyIVZbo/qte0="],"block_size":4096,"path":"css/ui-lightness/jquery-ui-1.8.16.custom.css"},{"block_hashes":["kJJBP78g/Xbi8LocvOKwO+yHkSec6H5RrzmW0WZ3GzQ="],"block_size":4096,"path":"css/ui-lightness/jquery.ui.1.8.16.ie.css"},{"block_hashes":["Ma+WH5WoX9ylLUDKHnuS0ycgrIXEY8CXGTC3idCS9Zw=","4RmTR56HWzyeRz3Xb7VM1n9c3H4ilq7vE0qaucfTkqQ=","sFwfUDFX+kxT6Je6+qXBsMZz3Y8MO8Fb4s6Sd9ckZn8=","o3opcWbknaqFgSuvJmn/AZCv0qvHFtKUQQ/zoTxQ5ho="],"block_size":4096,"path":"icon.png"},{"block_hashes":["ayA/P53C6QYqtlNsbPHKtZbazgxKTBiaStHN0d6Pwqk=","O3Q6U+Bn6S+LVpmBavHc66jFuWRMaKRKcHEliEtw6N0=","2s43Tezt587U1cBLB7kJgPgUgl/O+49JFGWMAbXYbDw=","p4TBHZa6Yatkx3O3hOK5q7zEhAOd4LSkBBMlzzUDK3w=","LTXypswOmmkW8tgLVia/zFs0OagWjS8l7pgXJZacKGw=","J0xTcaKd6vXSoeB39RMmAUPWJosIhQ2pRoO4wMMGeD0=","6brbW7Y3+TLIz9L4EXY1fck/ecT/6UIHgn5oeHQXrlM="],"block_size":4096,"path":"img/Thumbs.db"},{"block_hashes":["9ZhAJtQq8JDpi7WI8XB+ygnfRHK4wVAgpuKZgmtT8fU="],"block_size":4096,"path":"img/circle_minus.png"},{"block_hashes":["M/OakzwHc42hicummDrJtEd1YaWwNzljmOeVfxi1ABY="],"block_size":4096,"path":"img/circle_plus.png"},{"block_hashes":["zwdZE/8I+v1lPrEYbwabE0bvJqnAVATvufmVLH2mNtU="],"block_size":4096,"path":"img/copy.png"},{"block_hashes":["Mz8IMZuRbmOKSsqdwcjL7ArYGEHMLVoWRqDLGsRGSWg="],"block_size":4096,"path":"img/delete.png"},{"block_hashes":["I6IkWyTTN6VjDRMJ8tbN9mK2WpeE5VY/v6h59L43okg="],"block_size":4096,"path":"img/delete_dark.svg"},{"block_hashes":["DPJAZtTcQRKKuQGHsCvHM4+wkm/ALYca18GRJDDkDNY="],"block_size":4096,"path":"img/delete_light.svg"},{"block_hashes":["hmQ/43biU34cvewxEGBFRpf7uCSqWyyPGIhdq6P0H+Q="],"block_size":4096,"path":"img/download.png"},{"block_hashes":["Q9gvZ5qTv4jMM50v9z40r04atGc029TkV+1EuQfoabY="],"block_size":4096,"path":"img/edit.png"},{"block_hashes":["qvlhkdk5AvoizAH5s0Sf017/dTYQbNtHEOQd4XCm56Q="],"block_size":4096,"path":"img/eye.png"},{"block_hashes":["7YdczFqmzwT3BRbX1Xd6M/nULcHdz9M3q5OEeqrYwlg="],"block_size":4096,"path":"img/file-add.png"},{"block_hashes":["0McHqldnIfNVuCigAYxpwI6qtgpg5HXxSmIKtSsrdZw="],"block_size":4096,"path":"img/file.png"},{"block_hashes":["GMVHUKcNv/wViKVs8kvoEIS4mg1zDFcqksQ4B1rRmQM="],"block_size":4096,"path":"img/folder.png"},{"block_hashes":["hJMefV8hw3hXtFRGSBk98lOfaGBu5AwrwbKLoegATbY="],"block_size":4096,"path":"img/folder_plus.png"},{"block_hashes":["h57e6yTO/d6roOx2iFm1xne91AD54tXRNj5a0Ka1N6I="],"block_size":4096,"path":"img/full-screen-alt-4.png"},{"block_hashes":["XzSLU63lgLzkdfEIcXQ1OfqJpYoDi+NIt0S2g9Hitnc="],"block_size":4096,"path":"img/full-screen-exit-alt-2.png"},{"block_hashes":["nT+S7gU9nBLEPnPHBos3ewqEf3pxQSz/HJyfHlHzsv8=","9hPAWvnOanZrmuP7xzwwUXyKGAPTFCqiUoT8E0mq8qo=","xFY/irQA47sGeG9GAAoQCGAi42HAthXbFT4fvVxaM6g="],"block_size":4096,"path":"img/glyphicons-halflings-white.png"},{"block_hashes":["65yH2ItZir+9vEInguaLdhEiuvshZUHw947xxH/jP0Q=","tqJ0XFZ6R82/Q09gMkWYglF+FQOohmVUP0xfJBtOG9s=","Uy3xZs3AcWEiyN0u469dBCybS4H7ptOuSqznilReKiQ=","tGh/yGSbf9R4PrXyWxjbB40qeDKP0G/GCH6ZyrjY3y4="],"block_size":4096,"path":"img/glyphicons-halflings.png"},{"block_hashes":["k70pTg83NkK9gzDkpgx7umPrXeSEWX7vVlQGd6aYuLE=","TVBYJTxidS6VR1ZnMmSYqaVj3GQiKltluGRHB+hHrIA=","3TZwe+7oiiB2rhxRzpHxERKAVHev46+z1drWcAvXYNA=","akojmQQ4rVRnjJfa6mWn+7HtHoqwGkuJ/Iavn3BNV2o="],"block_size":4096,"path":"img/history.jpg"},{"block_hashes":["2WQc9glR/oRfJfPHmvVL636HU+8tIS4kTaBqqmnFKIU="],"block_size":4096,"path":"img/html.png"},{"block_hashes":["C98bIKno/M/MYT+YDu0yT1aFWu0YVrwBjw5WEkBo/KQ="],"block_size":4096,"path":"img/inbox_in.png"},{"block_hashes":["iBIL3YS2x9xDbhDwT9pNxh458/mxx0dKFWSMQh/ygGM="],"block_size":4096,"path":"img/keyboard.png"},{"block_hashes":["HkcW/fggH0PsI+L2kXNu/KZ4tx0LGR4i8z6TnSNVuA0="],"block_size":4096,"path":"img/keyboard_wireless.png"},{"block_hashes":["w9ldVF9ftCcSBrKOV0n6b/u4VLoNWIiIz7sauXCvX9s="],"block_size":4096,"path":"img/loader.gif"},{"block_hashes":["1S6AtpOaSlWmQnN/ljpxKZ89RdAFcuJVZcPIjw1m0jk="],"block_size":4096,"path":"img/logo-blue.png"},{"block_hashes":["djiEVbF9H3SbtycdnpBw7fmlJxeAacPMqoaR8+3DvWc="],"block_size":4096,"path":"img/logo-grey.png"},{"block_hashes":["+z7BpZcl6SL6c6zjB8RVNaiG4GpdnVgBeZEHAFzUxDs="],"block_size":4096,"path":"img/logo.png"},{"block_hashes":["rzmn6FblwUJFRpYHwp0WfhsjIYMDWpFpjH/a01Xo88I=","Q6Kl2YKw9BfEmfpShlRMPTtBV316X/ICCqg6/QWJLEo=","/mVzQDNJyTkrtvn4sb6f2vd5MpUBF6tlS9/uHjEwapA=","P721sYf0SHLJMui4X42wss0c/dwdQabB0EeDvJo/XQ4=","fjCFeEzeF3iPqZohUq2xEpwG+TKO+Chu9mE3QLEF7SA="],"block_size":4096,"path":"img/postman.jpg"},{"block_hashes":["8eFmHBdKNGahUxvbzniYf7Y3FMSFZaKR0kJbscMjJag=","UOmBSi6PCg08tVU8z/IAbKs7uIfSEBuGfrGmdZRovFc="],"block_size":4096,"path":"img/postman_logo.png"},{"block_hashes":["CKfepGp1+uckR3azUXCTeONLb40uGqMub8cMKGVg/94="],"block_size":4096,"path":"img/postman_logo_v3.png"},{"block_hashes":["jQt4w6nifaAtJ5t9RLswSF6nxEk0HLqT+aSBS7cOs5E="],"block_size":4096,"path":"img/question_mark.png"},{"block_hashes":["5Rxx/vJYHblo3WqiN5jyDnQd55WVVyL6pKqlTnh4X4Y=","lh25UO+5kyv0FPA4mAwL2zyR3y7hNZQAak2UxOWEr2o=","2YQFtLg1cDnJkx4Jj+lAHF9rjka8nLpgy702I3LAMkU=","+yfMND+dj2G3F5cN30lG/uN+lPiy0A/fWpE2dIrfggA="],"block_size":4096,"path":"img/request.jpg"},{"block_hashes":["qDL9sSqqx8u4H416snC0xV3tJLM82DE570j/+JV4hfU=","ky/P/5wJfqPOXc34da4rsflFjXaz8T+k/xfEFaEbPys=","jSVhm0/BDG+F6/UhhErxciJ+Z0G4nPXGg7s3HYVWSw0=","xAjczj1bTtqmWJ23mg2OlXe7WRX2OHaV7wQk7dwnN8U="],"block_size":4096,"path":"img/response.jpg"},{"block_hashes":["HVVs9rcFRienH9a0NB8LETTM/QhGZOec8YLQBPSYmgk="],"block_size":4096,"path":"img/right_indent.png"},{"block_hashes":["KY0agGVVFQqtQA2RscwvTGaZOosEOoXuHHxFj9XWs9I="],"block_size":4096,"path":"img/settings.png"},{"block_hashes":["s65YKGL28X9nujOivcbWiKsYddODuV6VENCdNxoy8bs="],"block_size":4096,"path":"img/share.png"},{"block_hashes":["bI/3uoNFvDVhXGweWTZTyd0jmHg/DCXu35AAW3vFWVI=","3zZwKKFNbcoeTAxQTjP7+zDrXO8mz36D0QdpXlOjuUY=","BkC0OMR7pmDz9iQHr2JJj88MbUp9AFInmNRYbU0mj+I=","Q6xs66BqMx2Lz1f26ZPy1KeeFYWSbTkHVOqDovqP8hM=","LKrTEmRLJd+R+u/7is7Eu3vbD1m8CRePZYzGpLo4sUo=","S7O8OgaDy5RXA975SaH5PMMec9oz7DU6iBW8wKKbKGc=","QSDbAkCyvP1bgcD2HvnY8tBm1HtjVmHz9xHNbXUM70k=","9DjX/xDIKN8k6YbxpofOTZ4XciOy6xuJcj16FokJArY=","H8rqVtIeaQugC+APpD73iJeSj1xxDTJExNnSGTyFUNk=","OfKVcPCpspdl9IXRantMXEOe3+23wjVmlDlGe/sjtVM=","//VRTbR1Asqxmd21GTfk45iQmWxB/bjZ1222N6phibk=","LyHPnSj762z6Ux5F8e6u2CJe94V9K/c7buZot+Jz2Ak=","rcq/mFbWKI6ZjR1f5woa5Qrx/WuBZlpv2oesq6250Bs=","gd16cyQ4ybWh73Rj9Bio9vEBaUqPu9KdXvAi4MH1Abk=","ZfABPOHXIdbzWOhWSBiMRxWxpkJgdkgRPyMOY0mNvU0=","m3O6+aPp7h/twNiD4J3LhbXoDF/IvxEzbdUvMZhL0gk=","I8Mw6NjqW4ajWDaK4mt+ESw3MNKxeVryiemNWh2NIG0=","Z1uWd2oLZ7CjN9MQeOgQ5MYo7nYGPOteaL8yYmXU1vU=","i8r7VkrjkpLOvTXaajwxRbAMyN5lGaN4xSffgPgGLi4=","P4h23/hgCewDrzmqTStJaXkoCXFXA7z5/85Ez1MSn70=","S6EFX07b3e5McbppchI1rZXModEvmsH2umFoEFzuMsg=","4rCCECglgmOUf1nf4P8EsV+Ubms/n6sraAYH4rNu/Uw=","aD566W3JJ0xKWPETzzz8j2jAL55RYsuy2kxNg+S46U8=","IDYNroKvF2GMZSWd3TOxHc9RBTcn+dNgafPluGGir+o="],"block_size":4096,"path":"img/supporters/datalogics.jpg"},{"block_hashes":["X1NcS0taDRyTyn90iY02nh6WDCmNvJJIAQ2duJjg/7Y=","yzjTD9S1nlqCdc1vV9v+zgwGp2YWbEJfWoi9X4YveBU=","/W/XwC0vuGRgXc5ycdEhQruJv6N7Obr09bFtffASERQ=","TfLwRYAMfb7s3ODn2xcoB3yegXF+HDW2HhqMEDc1vzk=","Sy2GHJ6eGinmiHwiH9xeUYH6HJg54a87Q9OIRhTjZcI=","Vjl7UDrlOFzDd9Xf6XDaGDGfBo0Mn4de+kmUPJmx8aM="],"block_size":4096,"path":"img/supporters/mashape-new.png"},{"block_hashes":["V6TiJ8LxXcS5VnAPIvBNycE9i9TN9/ano7iSd/XdXqI=","OdfHcvM7PfgUblPOUp4sDtk1WvGHLcw2l+Exoy9esbA="],"block_size":4096,"path":"img/supporters/mashape.png"},{"block_hashes":["+7uLxXoI9MViTHL9dg7VG2To3K8ETuypGZVKdv+ymb4=","vZeBMA64XRwb6T6PdZ8u4irF5chLDyGTgPtfmqEhADw="],"block_size":4096,"path":"img/supporters/nextbigwhat.png"},{"block_hashes":["ks9h7SHBhS5x90vJ4hDwD5d7aKC3Ct61gVxyYTkhg2c=","udmKGvZFJnVf7iegZKudI44LkwPTHlpJdJ8qvP62K+w=","i74rt5eYs2tExfKJst1ikWExlTJkTcDsaxUXJqR88Xw=","Bmv7BPsDb5Wj/I2MV1d9iAMOHjohbrOaIdF09+zEhgw="],"block_size":4096,"path":"img/supporters/restlet-new.png"},{"block_hashes":["YqgXM46GfLzvegI3BmR7gQL4zTagjIaEBUWb443jHZM=","4imnIJ+bfrPZMtwLHTQY8yeWBBwN12zEl8kAzfH2ojM="],"block_size":4096,"path":"img/supporters/restlet.png"},{"block_hashes":["ptZC928/tMAx0vzi67N67ji7jAa7RsS9mxKBiffhbUo="],"block_size":4096,"path":"img/trash-empty.png"},{"block_hashes":["PJzNHJNIaPqxxplRUSCMh3BK/ns+Bef7nWcMqYtPG9I="],"block_size":4096,"path":"img/tri_arrow_left.png"},{"block_hashes":["9sMq1esNJ3zfrdoP+wB4MUkdJ2dhS2OTPg/mXYRZP50="],"block_size":4096,"path":"img/tri_arrow_right.png"},{"block_hashes":["jAvfZnSniTE4+SJCAkvT6oJA88Y99hkh/WXRW+rNhpQ="],"block_size":4096,"path":"img/twitter-icon.png"},{"block_hashes":["3M3e1+tVnqQ1SrQakmrlbMnrZ/QyEa6+EY/UcBUdbt0="],"block_size":4096,"path":"img/twitter.png"},{"block_hashes":["hWp63rVHwnSiY1oRxGZAPUpIp+O/ZpQhEC3hnjlwkII="],"block_size":4096,"path":"img/upload.png"},{"block_hashes":["zAeLgQAIMDQvVD6QC+gkeX1mJCNadsq/SJxNiMWTwlE=","fmUVL5S0QfXr2zEgCK8ebsRuvW+9oe/a7B/PLhz/joc=","Qykmpsrmq+LXn3Y+wWiLReJzHXaKX29OEaN278qB1YY=","kxW9p3YgoLlmu4dCEqYkiZtF3MA2waBjgJYusyRGkAc=","P0VBEtca4zVk1crijeDRDTQB7OH+rrrp309QR8/LUKw=","tbimUpbX2xQn56NwhHbAfPb7x2kc8x7VovC1oR5zmlY=","4RDEz6gCy7faBXvAU0zCvGGn2kj8EZrFmC+My5McdqY=","cnKc91PMYfqb7A/h+ftE2vGP13c5ocEOvKel2TBg//M=","+GfWmezdiyvV+H2cH4Z7Kj/9s/xEz9d+CeQG5KAi5+U=","L8uf3btQeTyA/q26s23jyusey9JwEBhnr4m87tpFu18=","an1/eTXRGcGTtCwlflVagA6s5S/Js9Fum1EuzftnbJg=","09vxF6ueSN+nZi7/aFQLtuLeBN8LaR0rScQKzztF8k4=","GZR0RDIlCUyKbuefcksy9hyIqxHmhX8/DeWgE2sonrk=","pTCrP5pe7Tp/Pr9Quk5HX1hsLpFuvQo8Y3WTjsn0C4A=","bHTuLr6aAHbBKY6p3FRHgz3tRHzgLos4WDdgxm4Ixws=","onStO0hex6ZJMPQCWC94bPEbLXGFCHgvsAM1pI6+KVU=","X3ysRaLZH2Kv0QB/rMgrzxF0U/cMUKl5wJStZGxuFzw=","/RzmVP+TIjGQsUXo9D6iI6/2bmnwlI62Su3BNE7EqIQ=","3Ejj9nG1LaNqgCMaaOHssKIiLX5CegmcTPgeMyLIp4s=","LfGPppDVhV2Bd1gBQdPNqkhxrMynnCV14wG0Y+8ZgF4=","YJPtENf3n8jBMdNZAYNhHgjC+cr3ixzwQuzeM3DyAdE=","R2q1ECu/Wca5HFr7kqZAAdXm5VDHMFAeiaBOpTv8YlA=","/1Gp+ebugs1TtcruIomluhUgggKizYdKLszXhPRft1E=","HS+KEjfd0Jnpr6rpPW5w5Zy/2aRCR7O936/pUAUCF+k=","xEJPXnyKj23vBlpQkhdi131HPChgKhhKUjzoIOiD35A=","B5iV/l8ZouEBG/fsUrx2+92DMnVzb6o/H6+cDdnJmgA=","OijTmmyoIPmCi6XStpDui+NsH3xotX2bOIb+fX3C3Tk=","kvFSg77V9re/n1ewUFg9UM0h2v6dhU1YnjZin+VrxwQ=","Y6jL++TclpVJx9qgU6Djw0tCP1+Hxpf8cNkyev3rwno=","spFangzAqm7drw2ngMlSikOP2WmXSv44qBKY1u0IiZs=","fBxCgDOH0pBff40pA1/A9e5T3SXNYlzjhx8/2C51EfQ=","iZYmp3qgPDcHHpCqcH9WBVZQW5mfsrNfYAW+D35M7fM=","/8eaLUhpLnMeQL/f1MjlYpkivJtwAqQs/58lppaS7NY="],"block_size":4096,"path":"img/v3_migration/migration_1.jpg"},{"block_hashes":["HfXdCu00dfbSWcUJVdCuT0dJBSoxQTHRJjasPIS7mVE=","Vn0S9uqdOawZTTv9VNDNe+QUHNFqsmF8jwXIZcLayZs=","l1jPIXMHT3mcK16skXNEryrsY9F9CTZp49kbKLqHJPg=","sWZi2j7LeHDV1pWPt5JqKYa5cQZXC2o+TgsRCw37Vqo=","1osU9UY9q4ovxD2TxTYDFj3uebX8uUpf0nCc1NiqpbY=","KIOpbgKdUvNTXMINap5Bv0dVT3pOptOjRIPPt6Av4Wk=","JLL1VXv9Nj/5Czn7wxzkjdAdv85pQowfwWSflqOq3gE=","8R+ev8Tc07FTfZ9UleFmQN1C4mAvIF6mSni6VEpcAzo=","BL4mUbbx4IgbtrpVWESpFlTrxBRKA98Ayi//nUp0TMY=","vzkdC1lKrTtU2GvX7rUMtgUay2Bq+s/7DFqpHHyPjPM=","hYrP02k0FOGy2Rl0oEBtKD/WyxtrNTOGE1bmIS6gyjI=","oU4FFRHmuUFWGHY5SMwCaUtxL7fngFOtaFLcsitsqpE=","VvV/KZgv1pA8Azy77WouHusVirhX82m8rVKAbJmpNXw=","QFmivdAho23N6VIvBrp8A9i09ImBAE3DdqTkiXZpL60=","Zs1HMsZeu7/OYyxtfcncvBMeD+OujCO8NCyWJFTJdiM=","m5aaSuCpKZgwbNxWj/vd0RITGYPmYkOB6pXZAKJiWZc=","GCsBxtJc63sLYjenfPoFa/vjfRmxIvCdO3ZJoxM1NBo=","qCEf3Of17FaZ5lghAO4NGoaRDBKB6TBVAzAAIYr/0So=","i5Wr2Pyj1ut66MQ2OaWKQuXvt8t+/UzIYfjFKGjabpg=","+GlPZtUG1ge7Ss4gPVWACs1ipI51Ngy4uz+axtIx9nk=","vJeDaLOcmqiitTI+7Szw6mcSx5dcT042O45xEkCo4nc=","sxop/nVsHWQvQNDvCO5fosOJosFkJvCqvrTeJ2+1zLM=","hfmKzyhtaondO1DvVPtqsVfZ9hSVfqOQeLvqc+r7fTU=","wzEKDrZ/dvuzZuA/xUthvrFWXcCuPvpFMpYi93RXhoQ=","w/RwyREjaysLI65GdM41JdTG97p9CEaKEOAeL2BMMEI=","6Cfeyz2G74RtzY/Qg6JBrRd5VlLQoAe1r/cfFd1k1tY=","8hNiUH5oc4wICUJkZN2HRxlJCFYZSbINTNv/mkltS8E=","GzVdoBofDmq5VG0SOYkMJCHZTkGTGHxOQRQgsRLAfmg=","eUuorgbNANlOU0qILRvaUupKsxjy7oXrHajhJ+JV3Lg=","2P1hz1uPR1DN1amK6FyLSR8oeYUTEPFYq9fCRPEsD44="],"block_size":4096,"path":"img/v3_migration/migration_2.jpg"},{"block_hashes":["peYM28/duS6jcGMe33jxwZNsD8WrBdmmR/F5VDUAedU=","fmUVL5S0QfXr2zEgCK8ebsRuvW+9oe/a7B/PLhz/joc=","Qykmpsrmq+LXn3Y+wWiLReJzHXaKX29OEaN278qB1YY=","jmL2/fKe47fH5TnERVUwjCZ2iXCRODGoq1yqZPaHCwQ=","AaPqjcPknd4K0jDXXrtgCBY6GKVu5FgiBqqbGbzV58Y=","Vle8xpZpbbDp41sVRSi2TjV1fDT0tcg/HirtZxDlUO4=","vNIhYGP8udy2yQSuMkyh3M5qlYCCElbM25CODyy1fmE=","PKXPQQha0+uBo1Ah1rTmeS+pW3ITkageP4TyTBMjAok=","g4FBszDyeLItwxTRrtYErlPuLw3EzuDTKa+dOl8CS7k=","iHnIMkmBS9lUIUWJ381Rl+WZI8e3KtUPq83w9Tk4kw8=","9FLOVCU136haj9NTtRdbd+OhAQ4HJfqlwa6IHaQ1uFY=","rPVipm+I1p5YI8De1V1/DnbQB4k2CTxtVXCB2Ud55Q8=","pe0OS6tl8lA6+AaXOFLxY5H3NH0TE8d78dwp93dyk8M=","4kzPe5CEEiZKkLBEBmYOWWcibju6Pkir54VUaykyX3w=","LPMmfbnbM/Dlw8EAh4dz+MadjwT7jkyvh9UVKaxVJ+U=","082+7TNdUHS/TDEYIt1+jp9G+CnPMtR+GTAnfVlxyIg=","iPhsH+67mtlpbJ0NFjrHhPA4RQXuApRblOAm/F5kzV0=","RqLa1asXqoH2LpfEEYgYKLo+zF0zIFGoNJcNdboCO18=","uG4Z4ohGfM09ww6k4idrn3ERNy+Jp3+fdVclQ15cw+8=","TRzUUA4pqHTyoeupEYeLlWsI3MY/QrHrXwYYKRMVies=","iKc9E7L1MCX//uhYKbjx6UYb8bIQoDvjxbByuGQwcCU=","bFetVLj36aFW8xPmgEZa4oGvH0solWeYve+RFhppCMo=","JHfDqL70itCQcJsVMvxb07Nlq+TsvaaEpwHaYV9xhHA=","juDbtsicQEhSemDHpsw58PJiztg6Wln5AJLUAPaXC64=","v+bsELnuZ8zhzWnSp9j/h7qCtKHwtlKbrKfiOC9gDFg=","7kzCFPlK9AkdrH2X3D8EZhZ58qqxLN6ubdM8CcdLYVI=","4mdZ2D+AK68bYSl67tN3MPbB8Xof5i8cggE2pDbdgXc="],"block_size":4096,"path":"img/v3_migration/migration_3.jpg"},{"block_hashes":["BTu6min0q+P6HoGYOPujbQpoqYCNDvgvDoMFc1sVW+Y=","fmUVL5S0QfXr2zEgCK8ebsRuvW+9oe/a7B/PLhz/joc=","Qykmpsrmq+LXn3Y+wWiLReJzHXaKX29OEaN278qB1YY=","zleB2i8itNMJQ7sN51knvha/u6Uw5ZWtysCnpdmFpNw=","XdFQoSVgYqTKLVc8Obmb2V/hr/8p3p+mgIFssPslsA0=","l+CgwdTd2pVIYV/Rd90YxUWYC9/g9wuAao7cD+RyXMc=","BL4zMTYvTG9Kw7u51k/NqbKFQ89k6+iqqUWFAh16Fug=","4TRVuhnrm4KMkmelfXdASc+C7VMOXvOucO8V9A8Euwk=","vQDSnw/LCRoE04weXdiUJKwzxUL3x2n/zBXJj68KAXw=","4M+hV27nMD93JJ6sQdyBcFSzLQizRwNOG7HmGk5IsME=","q88wbvUU46EEfq4UPvNUXAtAZE4/1Y1YAWMcsi8rUWQ=","x01oK0IFRM0PV15Cw9dPsE06p+wFAviwpsX/w0TMCrw=","YAq8bwIB6k9iDF7FdnJ9wLyJozCEEKvNuGLuCEpvJN0=","GKC4JFW8PuZIfHvw4pEMig7eb1aYPoGBAvrVygZOl3E=","MSfR8WRorTX73Q5XNfYpCDPxy6LNRMiQ+A4voJnsFRo=","2B4mN4udoJaO5nuUxySgBg9pNADPCUbJGHyZlAgJxzo=","kqR7woWDdS+uv9IgAv1pzKGDnY5mHgZHm/u3c59mjTs=","0L7M5msmomCoYd2CudUpKlQ2RBM2//h8T2UkzCsQhRM=","+sdO8SNzWZkwBjn6/9A2WoQHBkRqFJnytAQFwbuqgLo=","TemTscRQFC/PYEEcHdntRkZ+R06koBTcg/scDn638xQ=","2ObHHdU+g7LYUErXdk54rYdsT1ZUrkiypeLZ4xpekTQ=","FuAZT54bzOu3FXJ4bgc4tlWurvlM6IThKIrGiuYFs4s=","HNrUElchQCEuYONjudyYTnGrSAqjIOkZ8XDDHf1MPqo=","LMz0ooLex1OENRv5O2afi7ocHhuVZgaqqe1kBzPNH00=","fHRRvh+0SnTO4yUAs7tTJQ6Ud+D9U61ephWwfGY3LXo="],"block_size":4096,"path":"img/v3_migration/migration_4.jpg"},{"block_hashes":["CPp+5PX/02qPuaHzsXYAPxxRyvh45BzTFN+ztHxZJMc=","fmUVL5S0QfXr2zEgCK8ebsRuvW+9oe/a7B/PLhz/joc=","Qykmpsrmq+LXn3Y+wWiLReJzHXaKX29OEaN278qB1YY=","onpxNCWqrVxRtVA9lpvwykNLpAK3eeff92y1Bm9QN7A=","8ONkqIfYDYBQvjX4iSVlvt0muHNmAtpPKAAa4M5wvUc=","5SVZalB6Jr+IzGq0gWRIT3g4wLFZ/xBed4xd2XT6yVc=","i8guDwLXQt6JmY262ZP2Cc2BX5SrqSoL3nBg+Bu7KIg=","g9A5WQ5rupENSAJYqn9A/Dxgoc7B3s4wXMJ5Czx/1+w=","NZKsrFF190L9RFCXVRppH1aXXjYuo8wT3fTHME71At0=","ijYs4LFQeNa+KGZupVw/QBsqDa8opgnHxc5cenZ9pXk=","w45m1V1R496Dz0PnJNoIl+eet6WRNuFaFSrX24podXY=","0AD1sOw23p9Hv402Dvg8Di/Fg3gvU0lOKKxgjBWPu0s=","dAnx7LS/tIXGSwkvTcDshxVvIlTBxzLBzrYAo3xuEHU=","sFXcXTNnXngw+HTmTCdDwNW2YMqlGCrfl0bmM8jAlUE=","K+XyEX/A7FG7taOIhBe1RiqKo1J1TOZ5wMUOhP20q4Y=","0D7/pTtzLrecSfj8PUt6gc2DtjLRiZAPpVWJ4xGP22M=","IwPKw7TCwwJPDEhCZqFW1ZNeSGPnyCnMpx1N+UrDy3w=","i3pIUTfVC6P+3r1IJcxn7jZzV0NBepjvl9+QcGbZ8Mk=","BCvKdA5+UJWUevD3jrG+J6lISRj3ua+bupf+JtbcZnk=","DNsCoe1gDoCupSjeRgPhum9+0SIciLUzu5xBEZL+hGU=","H9F7vhWyknx9wf7acDn6BN+OV+tdq9YkdQQPw30MplI=","TS6Hm5Z9nY/ZJgQwUU4nD/ZO0qdDv3vgOZ+U8oSzHLs=","7HIuX9vi/R+AI5K4RDlHeMm2xa0EC5eShckNcJ/DNiY=","ucb8Iz+pu7IddCvaib0NXcue6CWvqjJXbHFmBFVcovs=","o2Z4/NTWLwK5sQAC9kUH8O7e7/vObgclRRDcOw1OmzM=","UgdzZ2m66VPg39QqXLcP51s2Ue/N7cvsXc6VZt+5qGI=","MUhdT3CaIyrLotMyWfWYfw8erO9LFxHd7hiHcoun6aw=","rY6aLLVcf6kEJUpyBAfsjuD92l2dw3KuafG3hJ+euuk=","8w/gSKJlZBv5/if15iKKl2pm/mhl9Vq+EfDdNa5cYRc=","niF+WH+j0HSowMVqCoE+KJiFThVoU1ZFEjTLC+QEIIU=","bgXdA1JTqjtrb8y8pfCA8SnvPuWtu/cUj6ho+wgnGBQ=","oEdPFvk25sjT9TWuOFcA+bQa81tu9/pJpNeOJCmWlTM="],"block_size":4096,"path":"img/v3_migration/migration_5.jpg"},{"block_hashes":["WDkh4becIknlp/NEvbNR1SrJCB1MNkoP2wkljRRe5AI=","fmUVL5S0QfXr2zEgCK8ebsRuvW+9oe/a7B/PLhz/joc=","Qykmpsrmq+LXn3Y+wWiLReJzHXaKX29OEaN278qB1YY=","/f0WVE2Rt0uQQvLHZgxhUL8NtWs77U0vZxb5gDSJCxU=","Gq0qU7AiAvL6miBSCSRTb8joB/0uM0II7/dkNo9zakc=","F5erGpVpVmlBv3Sw/L3cS+q4gUDzChGyFsdI9xKYfAw=","lwI+yKdwdanLw4PtWS4szMKRYX5nLsMddNOLNurpVVk=","DuNS1YJJo33RUHKJR1gjfMjDkGJ545KR57VackU+/sI=","znxB13WiEns60XOcR+bh3u5ThnO4GedztOs0pt2OvFU=","fCaYEMemFIzMGVDiS3yy5yjKG4+fM5ZUZcTPiQIiCqM=","wIeajAEnBy1wpITgAysUWUTDeuEnm9D7VKTVm3QgO10=","NrATky/b8myb+HPOjqQLEkoJIxyB6bvgvbaTum/gQBw=","WqJiKSnIl0eaJArrQ+espdvRlspDj4Ck/9z5CZjZn8I=","XiQNyDYt1ZgV+9w+B4l6t76R8uQe6fSQa3dHM+pgV4k=","k/zxABa0iAAAjQLohYLKRKAO2cWvnPfEw//Jh2wkhu0=","GdApJdTAE0jWoa5sLhS/e+3LpWEobz5mUp22jEj82tU=","cSQjfzab6rTjQO21L3ljKeZqzPpN+rZscKeKMp5rVeA=","iaXtHK/3DV8Mue4Ca/f8Mt3rvA0GOeFRcv1m5ReNGvc=","LwvwlDppH2hR/8K0hGLETrUP7vaoHoYgqB0lzOsCMXM=","WmiRUoY5P6sJR+S3sggl7OHjUmp3oewDO6rJnu/CW5c="],"block_size":4096,"path":"img/v3_migration/migration_6.jpg"},{"block_hashes":["iVJOhd+Wt/A/h+8ZHsWu2Z4daR9ncDE7NfeVLD7ONEk=","anXJGIkP0dbh1LIpe49wn2x/9xbd7T4mZpTAQtUpMO4=","wYqMSC+jaSUsHGZannkBTpnL9AO1q7HEVvvy83PBVOQ=","xn7aLO/dnxAr9tEB8KUciNF5KvAc27/k5tN02ntq4pI=","y6w9iRqh850CEhxPjOCUo8KYlO+OrTxZvG223afkIak=","J7tb81ReDm+zdJJayeq5eYVChPQ8TTlValKLNSKa9uk=","uD5/j34/NV6a4aIVnGWHZYBbGdzKnjZFgZegSvw/Ttg=","xn9swY5gSymnn654c5ESs7cBeGBw2QIpjpNpyHlyY/c=","9XTqpnmduCx/39aJaxuiy9eqQsCAtD5+TkT7f/OCqEo=","fsYUw4j+uvNKlfwUw2h5Mw4oA4Z2qKkCp273tVcDAhU=","fboEhfrwbeS9g1j1f2gjozwSnCiXhEUjXAPUlxy9fdc=","oDU1bvCviZXDFnuc5pxLh9RHWz8RxZmaznC2YBjUxRY=","4aKGvJH/ehTSKmIMILdEiMP2QwCKk4dtAuWmLOdPJz0=","aGX8+1GN48bzEB6aV1Yna2CLG5+yyW3cLmgFvRZNo8E=","I/Mb4hZEQ1JQ1VQGFOFH6MZIObi0mN80No3/H68ZsL8=","wWB+Sneb/EesC2OoFY9YYyND+/wzbLgHWRLH3hTtkPA=","o1wZyZeHp11dKgjt9l7jyqcD8WgSBI9EW7Vw1w1NYo8=","gKBY946/H57Zi7b8bz9j5ogrhD7v26jH+rUlMxQ3b6Q=","BwRQHiyeJkIWPJE9e0weDeqKbEfjp1weZNNnv3TIVDA=","o3EN52XEOjVFHzyJZfLO44LwzC5qGQWzcBYWfsjsAtU=","YZ41OfH4hu30O7KYbOgLQWP14SvuxQ7CACJWUWf9j5E=","VpW7ntWUeYkso2HgJlP5gig5o7Iq8XcwjWgogMyrV+4="],"block_size":4096,"path":"img/whitey.png"},{"block_hashes":["20irnQxosPIZqxB7GDW0XHq2ZPD3UACQ0pOT9WuwSBI=","8+Atd0Zr5Zg5VRNJ4innFynr3tetmKXmRM5+Yx7nQ6s=","OOzgk62CJ8NfbZPloR2u1/+c/Jk78iGbR7saW03Rgx4=","B2b3Iqm7lZHPjnNGB4+gcnOjBAhsBq4NHjmE4O1ygHs=","Xq0ss8DZWsb6SYHuPk5AmJNQtFCooPT4xG7zTzX8zsM=","RrWgSxOayQ64hDOKYpV4rM696SiQH45QjHiubKQYb8Y=","Nf2gFwi4rS9z35uSXCDUDcmZ7hmJx0p/GKRZPZPossA=","by2BxEu4BdhhBS66SmhMFFanUqbMjm+reJYYMNwBdOI=","NEpE2wIVgqAfh1MmfCC+a555cQYP6UbwdanwbJamB3s=","AortDhF0EvQLjqlnSVTaaweq4/z5dkypxNMDmrufGfc=","6cJI7BLJmMydGl6dpRVp9F3qELmQgL+CepXP3FanPSk=","4x92mvhmeeJvQLwDTo1ElJwls8IjgVG4kV5TD5YNzFE=","cXVoLG3mRkhiAgJHmH9sqSuFX24rwGpN9jUNnx4BjGA=","2HERUtEM7oV6enRm/684x9e5+88W3s9CXKOII6xmU4k="],"block_size":4096,"path":"index.html"},{"block_hashes":["mdO2TunFBTNivXrOJILdZijZjopvraOATeByCUWRZgY=","fz/7dYfS1/8w8ti4PQ4wUaOSVmvEJhtJq/Sr+/VuOyE=","Wdoxv8F6+21tLlZ1NhfnnoKPHyVZX42LFu/Y41+PJzA=","MpmvtsQ+0eI5ibKAU9df1QQ7M6Yi6UCD9L1tZ6DLLT8=","pPpaVKaHg9gmZMpje3146bAPbNfvgrktaFecyB9sRq8=","mqc40sTBuOF+oGsm+mWGFky1Ti+lXrgF9hHHhZJvVcw=","ANoKisqGum70o4SRCTeI15QQ0LVUGkgPCyU17xzs+dc=","EUwwLm9zvjv/RcPq0rv6K3Q/W1zYatrnV5AvIh8eZiA=","05Zf5TyVtZfDwfyin1BDmXZK6nrgDkhkmvZtAMTmZHo=","Sfnyp79cVLyFAAptNcR9xB+JxOpGX+qQDwvOJpY7YFI=","U4ZBbWGONWQ6QqGlTyWHrnwEE0YCL/s6U/FYUaahG4Q=","wlkg50QEUf0NubWzLUWqdPwzdBVto0XYwgGvAldNJl8=","FUFLEAtXf//y6G5BUePpygVfQ9pL3HHIUHcBomMEkcw=","zAk9a8mFhwckKMePd+yTuwFp1wMVk9W15CZZLrWhy4Y=","etqBGpMiAezq24u7/Axm828fdZfen946nvJ7iqLbXS4=","LBmKbN3/A0aBsvoeEoq2Lf3IBLcWKqA2Qb5usoS6+y8=","/Al81FIvLV4R8pkRDHwFtdF1bVNdfvLLsa6EXLxsD1k=","XZ/ug4Jf8OnPkle+sH+wIqpPpW6l1IQnToWX8+AcM0M=","OvL5bwsEbSBPTA394s9qSiO8EYXWTCl2b2kQwdVPlLs=","apYF95DMEkXEP9Kw5o5Xheo7GFCMktCfJ0Oht2zPpBQ="],"block_size":4096,"path":"js/angular.min.js"},{"block_hashes":["aLyCzqfGqjKa76+4gW2T7a0qkU8k/cz7FxtWRFBDbGA=","mf17bcoXmiBh8N8/imkZvkSEXmwnmxnUxz6Z64LBeGQ=","dp+PWDEJjg8t2NFu1jUlcqaFMVFjtu+ilndfn2hFGwU=","824dgqyJl1c6SBU5eenWG/EQ55eAPjSOijX2PW9WJ9w="],"block_size":4096,"path":"js/backbone-min.js"},{"block_hashes":["XrEG5vPZWfKYLTJ18gfqoeNoaP+Z/Zgxs/FuCspviAA=","aVh2M7Gv/kQh4v1Gt66KpIEWP5VCz7eZ16ljkJnqPh0=","fqD7aOeQhOlV0e010NSh2XUbHafl7DmseJjiHalTvNs="],"block_size":4096,"path":"js/bootstrap-modal.js"},{"block_hashes":["tLzb0zDrOEagra5KWOovU0ovdvxPVPAlwKNnw+FMvgE=","8WT5K4eEWUlE4SmbvlnxXAtX90kVhG43ZL0CJFMC8aA=","XmYwdKDwuXlkwfYeT1p01AY/miK2YgRzbv36lw+FViw="],"block_size":4096,"path":"js/bootstrap-modalmanager.js"},{"block_hashes":["x7D8v6rVLQNvLdNAA+e3hCON9Kfi6IcRc1a/7PDFb6M=","rJuz2fppxr93EG4v8+5NdkDkGSRwFi+oIvEudm+dAiI=","1FBSsczZd2CcsBGg/1569khCLZhbDLVeW6EdEC5yyjw=","O9fi4+IfAfhfuIuIgKhizPsjFQvrX8kGswuQeocojyE=","57o5eziTKpNb/qVFpVuFtHnH5P6hA/38/uNoDtMo8Qw=","+n2oAeH2lynQT8q8jOf9TKOU9FWunfpe36V9rr27jR0=","Ob0e3zWuAY8W0iVf5AS/h6k1VNDn7oi50mLxh574jE0=","kCq9xfYyVvNUbrPktnDYs9S50EP7VbAQF7AuDaUCeQU=","RsYYH/tNuhspoXhZ0I18cVlcq29Hie5lHF2+v6UJOCA=","LE7vvSDIbQhhDWP5Ee62xlc7oJs7fky9h6rFz2k2xWw=","XVjnnKQ5Hu+L5JUU8pWl4QiIqr8IN2+hnf6trNBoAe4=","o48qYfhJ236518qkBDluL5SKH+HfERx03wdZ6giGzlc=","5QYh25EdNnz0AujG23HA0kvbKkaosw4AP3CxZLpBtDU=","pA+bUVv2dRG76dzcs+4ZmgndOIqeWFw8E0QuyPAJ5kY="],"block_size":4096,"path":"js/bootstrap.js"},{"block_hashes":["4aIGn9uta7AWhgVKMLLgV+mKI27qaR0g+PlnG/w3qJw=","Bv+/Pdpz6wLFAut07uId5YYCAIvisqZzg/TzAn02Rf8=","PvLekgjdjMSoZ4pNr4AiPt31XZMpPCAsFFWZ6mFm90w=","BaPyWwXQpT+BfBjeuHNs+iwK/oiVajraTVwmvR9EIrg=","biVFriwOlB4cewdX0mJD4bqheL5LhWe3hIEutZs5vjE=","9tx19RbtCgdJmHjrCXjmn3BPTxmh5v9zaNVaw8Uh1bM=","7K9BNhhBlbIX09Rkv1SZUdHfryyuGa8UlExqhQAx0+Y="],"block_size":4096,"path":"js/bootstrap.min.js"},{"block_hashes":["QdYI/kGxPEt/XwNr22T5PYW/VaueQjtl3BaL7CMenew="],"block_size":4096,"path":"js/codemirror.overlayParser.js"},{"block_hashes":["dgPmFNyB0Aqs314/fH7fbPbggZhsaC/7Dos3XuJaULc=","KjZquVehHYp2We1yK+Ou1Q7oL0nUAqlQKyQ+x0Aql14=","aRin0XHgYNZ9acqmxjFYe5hHIRMu/n2jyKqwqOyxyMs=","Sbv0cEfktgsBimIkjQ0wbiE3XnJFvZUbebdovbHoMqg="],"block_size":4096,"path":"js/crypto/rollups/aes.js"},{"block_hashes":["C32bGAPHEbhMdTU6kPz5O8B0SQ8cIIisguxQ3yaxK00=","STh+o//loRKFPiPWg7SKv6rX2CyW7o4u7T+x44p49wQ="],"block_size":4096,"path":"js/crypto/rollups/hmac-md5.js"},{"block_hashes":["n9SsnUADKwTL5TZhE5NmNKaOxnmShUTJsGNyKOcrHKo=","dMzhiyxnwf6kTo9HIzYcTncvJ4h98USDYnH6NJK6Uuw="],"block_size":4096,"path":"js/crypto/rollups/hmac-ripemd160.js"},{"block_hashes":["8Vc8fGnJEcCInEiKo9rEEzpfJ3pJajyz7lfJNzwrCX0=","1g48vG4FpcVB+XHgDX6bzo5WG636Oz4aFIS5d4wha4A="],"block_size":4096,"path":"js/crypto/rollups/hmac-sha1.js"},{"block_hashes":["lLsCDES6xem5q/KnGUA1vIET4ER+9MZ59XEF6KYw/Lw=","jBAaBQIrHsgQEdNBUQZE3DO+sxRrl22WbImnXef/+gw="],"block_size":4096,"path":"js/crypto/rollups/hmac-sha224.js"},{"block_hashes":["HvYja0sFS+7hiZmuzuVP8wZQ2QTP4gGZyyWhItEjdXE=","k14LAAIry1ANa0YEkkc3p9GODqUr/h3bh6OHZHe/k90="],"block_size":4096,"path":"js/crypto/rollups/hmac-sha256.js"},{"block_hashes":["tTz3onECy+aEmuFA7gKdt2hwBTjGu8KddOVhgRiNvt8=","V5GiAZMYuusPHC940iisBs+dIbXdkSi52t271tDXO6I="],"block_size":4096,"path":"js/crypto/rollups/hmac-sha3.js"},{"block_hashes":["O/T7cERDh2WmZXeOXchMqFv6A3Ua34rh6mPVU1Y7RZ4=","vX3TWcMbp595gYphDUmEn6RPOyP0Z4PLnNDLB5DMlZA=","AcV3joNgkrGeP0jYcl51lV9HNmYL/YJ4s+uyd8mDdOk="],"block_size":4096,"path":"js/crypto/rollups/hmac-sha384.js"},{"block_hashes":["HjqUk5ut4fVwrBdZOg/zdCtRwhIZ7yKp13oOYcAdJ4s=","B84SBr0USknn0w5k3SPy6KX1wyCmRXaSoEyx8ltr1Yg=","XCsYAU66RP2giCc1JPLlAjeJ/3m3W+R10wJfkzw4yuc="],"block_size":4096,"path":"js/crypto/rollups/hmac-sha512.js"},{"block_hashes":["zXFyZJPCkmCp3/y1NkGuEXNP8xJDchHazWcQAK96Sv4=","OdDvbZdmex12geXRchBZkjvQS0ExS/KgbXze7+KgwUs="],"block_size":4096,"path":"js/crypto/rollups/md5.js"},{"block_hashes":["wDLqRrB1P2uuxsbhq5hLzyZbtNlUke7C7nSQ3s/UZBk=","xjB5Bzb8FaXL0fZjGPE2nDyWWD8by9vk7BTuqpPdDPo="],"block_size":4096,"path":"js/crypto/rollups/pbkdf2.js"},{"block_hashes":["SyQxQ9LqyAtihw+rrZzAwsyq+X5LMNBeJE1FrcdL71c=","/4qrTx3nXGf0VPni29uTi2NeS4kjMk58h9eG1meoMNc=","Dk7mPFIDe4kt1H1BeXfCcTIX59vlJVqR+EvqAeyopvw=","jG5+Rl/nc80aDPQxB+WqJErH8uFvCZesL/GWcJJ9sLc="],"block_size":4096,"path":"js/crypto/rollups/rabbit-legacy.js"},{"block_hashes":["f8qAcYf5QpeP7xX1BkyvVJzGq7U0U/GRHIRgB4Pkrps=","J2L9vnDZGT4O8p5pbaNOS8E9OyRqknUH2GLpVM5qyJk=","agK9M4Dbz3xDb5lRTcNyIsA3h3Lmz11g5INiQ8I5H8o=","cWQOy0QnYpg6fndAZ6SUSLqf8h4hBroVXLYX3B63XbE="],"block_size":4096,"path":"js/crypto/rollups/rabbit.js"},{"block_hashes":["+WCYmvUcved8mSbYoVZTzD5Ajarl85t7rjwyw96JJJo=","3MuF7q6O5tEcywYZh0Ik96/1CdN1Ul+TKN6eCYC2P8w=","9Hk8z5VIxQbD6UBlikMmWX9krb8uYqsLAeUFo12kNoI="],"block_size":4096,"path":"js/crypto/rollups/rc4.js"},{"block_hashes":["DHtJ8Jmqh2TzY9h1mQa+g6OXFQa7nodkr5VZ/J4mvOk=","4lETv3v6E4R10EC7WfkLse0Q4UpqJb0Cf9GtvUGLsYQ="],"block_size":4096,"path":"js/crypto/rollups/ripemd160.js"},{"block_hashes":["ZXCS7VKlwqmaTlXzHFZjIsko/mWV3lsimNntrF33TAg=","nKIz3ofxcSLrmbegJRW3gJITOC6aMwx6MeJOIFmEtkU="],"block_size":4096,"path":"js/crypto/rollups/sha1.js"},{"block_hashes":["Pyk4ZyVkz/vfamra1/IFVVT3g3BwPk1RF/65NuL0lMo=","czhgXl8FhwiQnkqsOuNYDuB2t2Bn9ZTL57CmEQ6WIyw="],"block_size":4096,"path":"js/crypto/rollups/sha224.js"},{"block_hashes":["ZRrCEr8x8Fp9Q+I1+dnqHK/kAouH/fAZ0eSoh6RlnZE=","fS5hriNbdhrl8Ddi8NfT92H8jVhxnhMm3mn4TzIi4eE="],"block_size":4096,"path":"js/crypto/rollups/sha256.js"},{"block_hashes":["Ai0WQwDB6+kaGxeiONpFwHXow5Mrkhw0eyOevVzhm8Q=","43mbiO3ttabnyVYFWxBaPxvtxVi7rqvB8iGsL7TqGfo="],"block_size":4096,"path":"js/crypto/rollups/sha3.js"},{"block_hashes":["efNqE/0c0wCnmwArhKqFdBNWMcC0lOk1U2rfRRZ6Ln4=","/J9zE0GOtpv6DWNFmwnRJCfiM1Pbx3lJX93p6iSXyzE=","QNqxLh4uaRjUp0yrfMkQk8WldLV1dcXXq6NwtFWLX8I="],"block_size":4096,"path":"js/crypto/rollups/sha384.js"},{"block_hashes":["QV3jaqaf1s2QB3CCjzAoCQ1v6eJ307M7IlAPpwdPgr0=","rqb3CT5cN6mKBiFJcZ9cec6qoySV31q84Y11pBx88M8=","acLvQwEXe3YMJBdp2iBRgtkLcy8v67HLCiJHPNfsCcQ="],"block_size":4096,"path":"js/crypto/rollups/sha512.js"},{"block_hashes":["LQhS5l2gmGBf1cF2l69z3Rz5Uo8iB3/y9+axI2Ub0Uk=","wpyMa7AArDDIDHvPSYUnnr25NwiUOEKc7m+OmcGPaH8=","hMgHfXVp73GPwv1o1N/BBB/ByRUSCAcP6O+XX351MnI=","veM3JMVUNBjGPTNFgU62myTYok66kSb21N/HHhITwx8=","egeJWhCyJHP+rf1sK7vjUNAeK3zc4/1xtbqgweOpy2M=","teRLnrhgNg2oanzzrsSx7Wi/Sngqgeig0c/OnYifvQU="],"block_size":4096,"path":"js/crypto/rollups/tripledes.js"},{"block_hashes":["HGA/ltjhJZMm413sqgm9Uuu5Z520NV+7CdaMienLs18=","2mV8wqQ5Uj/gIq/Vhj737S6phL0rJjkiB5tEa0+5jyc=","hgazcr0+Yp5GuDzJ2cKh+ZGdEM2P+Rgae76jQK4eVDY=","Aa9eniMMHScMLMp7DhDaWKu74h1fU/PIMPfortEuViE="],"block_size":4096,"path":"js/dropbox/dropbox.js"},{"block_hashes":["TPg06Lij172RNskTCFYgtTOrKiGpfnZvFfuuFNAW1Y0=","gwdl0ImzPxC2BM8ZYxgxCcPPL2mgz6fsaH0+qw3qW2k=","clHECGK70WP908hCpf/xwrEDeeYQg18pWB7tLVmXnCQ=","HqEAPV/F1ZD/hcr5+shCdIFyyvuUd/KygKEodHkB+x0=","YvUH1htIr2dtl7jGK6zZ4DlpIDOx474beWzu1LNdwvg=","kXgWF9LK/Wt4YCR3Df1mpLdd4H7OQRFU+FM0Lfkp8Ik="],"block_size":4096,"path":"js/dropbox/oauth.js"},{"block_hashes":["0oeRVQn7U419sEsmCsnF3NTYLYPqIjlDMXKpZ7KHCTY=","vKeNhmaJQFwTo3b2QIV50vKuTxCviteehf0DjIJHA94="],"block_size":4096,"path":"js/dropbox/sha1.js"},{"block_hashes":["irAd/gXM3RtTRqTt8Knrf80okVw5mwWCNU3zQuBokkU="],"block_size":4096,"path":"js/ga.js"},{"block_hashes":["gvRN0q1EpgoLFX9LNJ+7laLbSy8nbPbS2nf80NX6aEY=","eiXEXCD6/gG2UIXB79+IDIwBmWdSa52t5wd1ZGGef6k=","RVWDA9UM8oAScdfrcXwvWlHS/y3TArnZBSiVsT0di1o=","8DraCamg3Kr1tKtKqDIwad9gqcXIM1Tqolpot9AyDZI=","ozMjvedZwe9VB0Qm2y4Le8xgGgHgO+wuo6ngxT/b5Tk=","Lh4NgZ9J7f3MhacEfSMPMA2/5CEBjt8TXP/OUFuiaUE=","tGEDVMHLszMSb9worKZGTuIDIFOtEWNF9JyEbdATkTE=","BZbg3HMdg0/OUIQjUkyfu0PjsjipuQDRa6VxNR7/59E=","4Xj+0nIZ7AaoksW6Z5noxG83RX4xmSvBjX8U9igUNiE=","cV+X5DiOO28bNjRbLkvgrWC7fCx0DPPgYQu5M0GMTdg=","Q6C4NT0mU0/JOBwwqynr4QgxHzhOIF1/ORlr9Xpyqd4="],"block_size":4096,"path":"js/google-analytics-bundle.js"},{"block_hashes":["UB3xTNQmt5CJkG/OMk4QRqV7jgLoyqCRkqaMoeHZQVM=","8CGHb/V8IEhk5EUyIbgMpGeTCpAAmVp/36R1LFTLoco=","EKQ8qpbL5TBsBsqSsgsasus/+osHprYJ39KAEEF9BMo=","+001DXIRkat56BPUof/b8MFTV9YB8bPWBj3lIxnF/X4=","p//DS4us1PPaTpo45nZp1Mp2TOsAqjwx1KGf0QJQmPo=","vJ7oK7y2u2h4zynoflFEOH+32WWPwnn6xl5OSeTGVUk=","NvdiyPGvtTZRMNbqDBUo1b6ngmqxFRhqY1EHrpCifJk=","cYLwgU2SEcrAZQtcRv8CVJ/bg/d89XUWCHKDPPbHdSA=","UhyXzLzafVMB93oHOTcsxc5qteKai2uOzRcGCKH3V2M=","WNNjrLSSz+/U+WCQbrS68qLeYDGE353zW2M1b4HOY/I=","RTlhyyURTo6Q1Lp/ebRIFtkYKJxRCSszr4l1w9t3in8=","g5M1eZBVRO8NBFrLK5BISxEZNWX3BQEe/NQIK2xrKmc=","ifITJD9MGQzI87gD0SZRZepcGC57odhuM+hYx2rKFhk=","NlcGS4Rqc1+HIN81DOyvkhJto9YDitrYuPDAIB6Eja8=","8VUn5Hk2cfLNCX3kPIycnznPQzLHU4z+Zr8+2qMRWZ4=","+vLg0fhs0TkRduRcMjctFSMnic3fHKi98LA/AlNP2NI=","ZDR0NTgeVJEtSHep3iCWAmpYIzB+de3BKpgoOIUF+yM=","FFAECX22ikoCoZcq6XoK2764Q9sl7elArFFfBTCyaO0="],"block_size":4096,"path":"js/handlebars.js"},{"block_hashes":["n/UrefT9/dvv9IeXNrpK06Z/4nmstpkzdTciZ/En6j0=","61d1aeLiPA1cwciXGSK1L2G9AGJrpL/5icYWPMQVVSY=","F1/+gFHOYLJT2fchab2a5BS0mLahwu5yx3lMQ9/Yubk="],"block_size":4096,"path":"js/httpheaders.js"},{"block_hashes":["K9y9zBmd22DhZBUdq3M956tjn+87rDMs5bNyDRbwn0E=","OWspoQQokXp1N4pYyOb8mjlpDbnz4Ups6lxgzpXF8lw=","VX+ZDQSQw5M5H6rQiMr9aJk4n7g86UCWbpQ6JYa87IE=","hADPp2xrx75qdEghcPPEtCB3WI9tFM7SMIlehr5KVIA=","q6Eyz5zFpyFbejp3Ea2U1bfecjcJrfD8Q4a3bzznw+A="],"block_size":4096,"path":"js/httpstatuscodes.js"},{"block_hashes":["3iox9h+oQXtILghz9k862i5M4dY2mjyOdd9N2Q7uojc="],"block_size":4096,"path":"js/iscroll/ender.js"},{"block_hashes":["gUIvsGYrjOYu1bRngQcQVncPv0UkBoaoneUw5W9ghDk=","zeT0Cmbo1Sz9X3qrFutrVNCqw5QkUbL3Pbf2l+y0ZUI=","7ul2YcfM/OgRWz6WDkP3jWfqFQJg0YiMZTrazrf9bKY=","wy5HZL9j9KrtsgDDYYDG6Mu7SX/Vh0rW2Hivrdtg8Bc=","PCuHqb4ClWMD87PHPD6Ih+d/sorI0CM1gGtTsVJbY3A="],"block_size":4096,"path":"js/iscroll/iscroll-lite.js"},{"block_hashes":["nuknhZQE2cqahmZgQHXSzwRc4+x0ZV+f23tle1Vp8AU=","3DEF3Peyki4uVrXrjGDrfrO+2rYuEvJIGFQoaqbqX9E=","sQTuVJOR9SaQEqgZpOqIzidagF3hUdhLZiOGbmCGgPA=","DGv3pYf1zW6loVgBYf8WF04LE9UwS7Y8GRjUFb+PW2A=","RVSiFUQ8trVzMGzsM2oxk31vl5rkJT8xIkaO/85mv14=","ZQ1nvCrKXM1CXuYBfpBOF+ttKuSodVR+19obEbgI1SI=","ufnuAOmoT64bY0j747o7qm3eFWuy9FwqEHno1Omk4oo=","tFRzcYegvo8WQzpuZqkErTWXkfTGIFg2Ct70cTX6eaQ=","sJUEpKp0eULYefMtHw2cB7Btm9lbJzF6hSrP7ln3OTg="],"block_size":4096,"path":"js/iscroll/iscroll.js"},{"block_hashes":["LJzQTE2iLu3F84aN5p7y/NqfolIOLp13hp3XSlsZvAs=","hwLKIeGKY4cp8MJ7mbegfGtdflzDVWBsbGY65A03KEg=","/Rnqn9unWuL3+1ExUg/QVVFu7dyOz8Fjaf9MlvdWe60=","1sgNQpBZ+exjjb7ahFFZ9Go2nF7NJij9fjDJHbBRl90=","LXuQsi4S9KqR8gDWAHEzk9rdX5jKfh0JAd9IFBZfPio=","w1RpchwztcP38i3hW5ksdAx4utmUB7b5zr/Q7vAug0o=","7JhYit6HrXAhYboe7pQhgFJD1KMfOH6ZyxA2yzwh1Tw=","mMkiYYvaHEbzA/3XN/wpDTWE80x8DRBs7S5kCr3WGJw=","EPp/gIw9T8d69k9Mo1JY2B3U+hhmu1tpEFrlbIZUdss=","zpsOQMmTINAOSgbY9+LuX9SEVmbTwvUZFdfCNo2JyTA=","ppZCZG7xxk21BiJJZdPHToczDEKKoUrikejYebnU2j8=","wJ88Chdnmy4Qaleu81ANz6CfNi41NMcC9rz3j18xxmY=","gsvYCj7b0GWMyfOTeUAJ+SeECyY+suI74sm+mXOMxjU=","6/VOmSDQvu13Kry+SjAGvFrfwOOGqRt4QCkinQcdjTw=","derEEUQN1s8fDIpbvWkTCZkzIKWYkGCZRCZbgD2ZMDQ=","eO3Gsf2X+ulpOmm1Yfx4Ali8L+kefteLe0CxDvCk2SI=","OJYXw9hxgWDt5UulOv3+p7sS1sKvQw/fqP/TouF43XY=","63q3cifcYCTDPDosEiJheekZEDDXcBaz0+GzYq9LEAI=","oRYsVspEFYCwj/lzWbQIbh7asOUcVITMOw+++w0gv9g=","EShmEjLrFbYQlG8Inf3+0fbfs+OgUOAUaqQuGEQjgaw=","p7XK11vF+ckBjBm55YcSiyjdENzIoRGOcJ81SYJLnmE=","K6IuSyvJRuEJYwcfJF1uDMbqnpjCZIp2A3gI3hX8vXU=","dWdHDlMrRHglqivSoS3AZ9Qs14T+1AZKZv48JnPQ3Ik=","2LAvNLKHy2GGWh3xrSXhZeVGk9zEGUFhFchtf4iwp+E=","6bHTrw1ZF1Hgwh4ZFo02rnRHh19KlYL5Wm8l50G+wn4=","DK8+TmwrSoHKMOeAhb8WQdSqUuFsPKpsSVgT6eG0nwc=","ZuOg7q87StZHOQlaJG6du6FIbhS0NKugJ/bPH8IhxC8=","ANSquJCF0D9z3i9yMdP9pUb9MURWsgXJTjObBbU2Gn0=","04a/xp16Cm7qUOuNH1mVRySYHbhoUrK6JKqZ6ZFSjvo=","zc2KqGuHplFy+IR/MawOd+udc60M2qki/l2Sl4DjPmI=","+npMODERD+58g996OwLh4H8daet2cbyZ3Y3s2bT6o2w=","CTs4TvnCj6Q+BioE+JqD8mmGonnDYpJe7fenm3Xkedk=","8pcjajSbJvQb9GwldsU5qLCLVOddgTnde35xK5F2FaE=","L68WztiwJQIFSRVJQMkVbaD6F4oS7fJz1y31+mSmPog=","bWje94hi4icYVF2JkqjxNcLQOWkkp9v1DGFk5BQxGeI=","e4w1FyggArslh5glk8i4VKaF6tFkQG/LyH8QiYMWaaU=","hFt0I+0iskabwnXVp+BS+e0Md0XqR8gR/a0Cc4ZtxYA=","Z6Grm/4S7blBJ9UiMJh6aEXmWtGgsuHuak1N+ef4AHQ=","aroeyENoAzlgvdkK8MWcpDqwT5+HxMJ+oXNrsX4bGDg=","1ra6jcaNKCCoWu3SeB5d/cUmQw3px5meMlU+eo9EklE=","bkeeP9RBOxcN2Vygf24jpfpiVdOhdkAkvCceqbFNjGo=","s4ELZ/AgoMMZzEBkU/ZFIzrsWAgQlOFvIxveMhZcELQ=","Qoy+Up6LQeXbo7A/VMFVnpZOP4xVsY2aYBeLV+6q8AU=","bHdJMozM8262+R3OTA25NIER7egjoheN9oMjEapZ3Pk=","ZjmQ/deWtZ/TYYhEEHHwHroQPMLSsfLI+TxW/4gZLnI=","8lmhB2lBwfRWSqQgO1YCvlq1zKbMWrFhlmGouzYK/NM=","5YVB6x2f3CKUm17nPfaPHqiLX9A01GgRLIIZqt1WDr8=","Vu993LXfohzYS6o7bgaCJfAhTMO2F+ma/blv9jxO2LA=","h5NI7TQZtstLsJ2mBXA7WWGZ83iv7QXjqkJ540ZcCL8=","8UZAP6PWXvr6AKCAein8Pvoul/cILjyX9+0pdht2J3k=","HJk3Eu2o/z0AVZuzYuKngbwlrP21+vdHDme8FwbTasw=","oUktkqkJu8wxpuQ39ihxeFs1+t6b+olqRpjWn4W2lQ0=","SQQL3NK50j7LZx9ouRkHE6oTEKmWmSZ4AAmstVo90Fs=","aGRTNVmGboFLzw8MyJFS9nTz/KVXJNpjhF7KFf+lCZg=","lG8FovriBVeSKks89mfnw6NJkHbAIHBp69g3fNXu6Ac=","W8mFkJJhlaQEYpop03o+TNW6lm/mUxyb6Qr9HSYJxgE=","8rUO7eyd3oXr07c783hS/8iA1hyfUrYiCLLyPmPGol4=","Ok+Zw9esCT6qXcqLNmss2sDBCtG60FAuxYSRy1Sys88=","F3FOKtNlFvtFhrQbje0u1NA6JC+O8sYstyXBXkCL9dA="],"block_size":4096,"path":"js/jquery-ui-1.9.2.custom.min.js"},{"block_hashes":["7QIwqKvk7+Sz8FIX1Be52ePFmd741NXZ89MMp837BPw="],"block_size":4096,"path":"js/jquery.hotkeys.js"},{"block_hashes":["xyjQcVxJ+VE7hBes7kaWzPu5ebjb7qsQjBtVL3itRq8=","gY6AvKcRTSTDfe97AmMiSKoptkd3WqtOMIMTRWkHRK4=","AU9izhHw3zkx3XDR9zgwgS4/uNRInsWIZO7H5o7Kphg=","h0vFOJ+mS4O5ZpXMiIZ/DKZ1NnpEvayIzSHm6YOaOHo=","ojm8kOsU1viMN6jQRq9/hSjJsXGgCtSMLqH8xN4Kw8k=","NcmbDS01GSenCydsgNpkiAHu5gF3v2nPF4zoC9RlzN4=","bCFFzpc1w11rjFcGegeF1HIRBpT1RzzfFTZNhaiTtzg=","xIeOGON5HkeOov18+pmXIkXrisMsS5m9KJGxKWk2GqI=","Cq7W0gpfbR4XgUVFfqFpt/uTrE0fgYkVpzdoBANCH7M=","mwYq0i9XwxkWJblp5fvLrulP8Ur/qAnrVD7flY9Uiek=","Le1X5cVPi1MS5cMtLuWDzbz0lqLsaPTsxwO26yTBRqo="],"block_size":4096,"path":"js/jquery.jscrollpane.js"},{"block_hashes":["/F4ILBM3l0xQExEyC92dB229QaRmVSHFJO7/S27J62E=","cU7dxDQ7+9ylt6tpA9DssqE3pG/LI7pr4toGU8iGh+k=","A70JW/JXqivGkVRK1g6E9wGgA9aw+eEZxvN/tro9oWs=","wWpzrgEawoY5sgYxZmQMJmnPo6YPsI84pexwgOz2Yjg="],"block_size":4096,"path":"js/jquery.jscrollpane.min.js"},{"block_hashes":["GS28SpZvf8W6YQ+DFkIUq7PdENqnS1rnmiVHQiBXLdY=","Sza1mepoXQ8bjS4HBIXzs/9Lu0LJ9Ucq2QcUmYJ3Ec4=","3t9JVYU1AwRqp4kHE24Sbkak6m4bJ+LlFJU5Dk0RlOk="],"block_size":4096,"path":"js/jquery.keyvalueeditor.js"},{"block_hashes":["qIbZF+v/gy+lTy0sVZqc3dSmnokoCf4z0g22NFVwbdM=","vMXOjzgDicIQfpt+w0NNktLVS5fPXqyycZkhrDQ3wrQ=","XmerHazhwWwNBREG2aLFYcnFPMKKHqREC7QC0XaE+zI=","fLtU9uBERs1hRZE0PUeWv4FTXaypvzqUDgJ/V6C7auQ=","oqcXBjPRiOxxlCdWSqh8tHKiqRVdukL286zJjYLowPU=","1SSjr6BNl3Mf/VYZz2hBVfg1Qn4+w+yI+zdk4DCGgVY=","/o3L50Ll2Q8wqNeYs4ajiFBwckz6mMsm33DN0P146aQ=","iITcHG1FwiaOe+AA2Hb+fDrerCjxfG7h1EdDwn4lnQU=","m2aXwUbolFB08vSSpyq4O/WQ1o3DDqgQdeHaEXMQ4p8=","EPYZt0SMytTGXKOZ1XrPC7xuT6tqX2UM6rZ5zTkyPyY=","o5AgPd0KzpTVOg+nTHh0L9FfcVn5E1/RDYWl34BWpKs=","UjaIlAn42w3tGbbD6Kbp1gPImKDiv1UrY09CtoqwsqY=","deizHSvCtqEeX45G9L7Koj9YvDLbCfTcux6JDU4RiU4=","WBFxWY8JmyHBy9N87yRYuhKMDr632sZSq3lnJ+wxp3M=","j0P25cmd97SjeGhAqzCmlMMmogduqI3ainbn4OMFPmo=","0WgsKJMbnJlEJTKQdMOH9sBPlJ327lLejL78u+pwA0E=","/g8HaEMGyIP6UDrkqKQ45z+S2Bbf5mY961SebCeL8CU=","j8AV+yoZ9d/Tvvpf4BJdJQRTWiue9pxS3zzPAJYue5Q=","264TiuOeMmX2P+MaI/45igiPLKttwOJCwCJuJi2EDG4=","WjlEoWoZoeJ4RvHLmqMlC9XR3cxvcrXlp3rxDugEhpU=","zUf1InlNKMXe16EHyRo1KzgfvZcAouKClhWY3eYlB5g=","+g5Xcoa6KhdY4+ue92GqGISFw23HLs8saGuy41OOyxM=","TIz/Pj2PVPtNjOF+TgIFpIbh9unn1C/uentswtl2tHQ=","LZcJPdIswWf/qk2wcxMNK9h9oXsvh717t6wtF7SKMxc="],"block_size":4096,"path":"js/jquery.min.js"},{"block_hashes":["77N7025whAFwsmN2fQCqkfjicBOAtXZR5hP9aAKPtbE="],"block_size":4096,"path":"js/jquery.mousewheel.js"},{"block_hashes":["mkm3mkHAWOHGf9y9bYoAgwL1nJekdTbFTOjHhZzSyVA=","lHJMrFj8ScQv6WeHXSONCxdNhyHjYKXaLGDn763qxT4="],"block_size":4096,"path":"js/jquery.tmpl.min.js"},{"block_hashes":["HJMwRNdWYyMGJRjgiaucbUJReuWtQMUB4GFiZfj9HcU=","/7acColBOn8pYRfDDpf/h6lUhdbSmiEi0daScB7Zlfc=","1Tq1QeHv39sStifyjLMReD+tIsTYuVr8tGMq147S+NM="],"block_size":4096,"path":"js/jsonlint.js"},{"block_hashes":["47DEQpj8HBSa+/TImW+5JCeuQeRkm5NMpJWZG3hSuFU="],"block_size":4096,"path":"js/listener.js"},{"block_hashes":["2n1RrOpx7/OR+GObuuv7u2b2Y8D4ViZi9V4XrrOlx9E=","mybvqjwL4yoP9Id/VF7Jq1ndwaZn2GJa7b9XxI3MIm4="],"block_size":4096,"path":"js/modules/base.js"},{"block_hashes":["JFrZeM5BYEknwfEPvl0Si5+0BIAHeirwmQmiMLM3p0Q="],"block_size":4096,"path":"js/modules/broadcasts.js"},{"block_hashes":["+L+3DgRJ7ZqFKaxPWZBZLrhiNPg7BUkus0T3Hz8YId0=","B5O89CI/6UaYIWUwUrtM/7mV6lM1ksRxJHUvpnf2PQQ=","xc8ZSAjvUgaMx5CHWtEJ6+N9Tvx7nKMEBsrUoSLXuEU=","y/hAbWEKTrcIoXZ0XNeXRn5UNfJ+AREu4m1PhoGyILA=","vifwm6zd8bSEvre/qVBp2/C6EbMY4jPV2aw1wBp08KU=","WDcGpJ3FslOmHKGwJDq79S1lui3eAzYVgdilpy3Br5k=","Np8b8+MKiUeK2noKD59pxQJV6eycya2GSYkF3zrOJm0=","UA2x6VgwYa8HIVX3/6fnI9pLAUNe1XzAd9UYSlbGp2Y="],"block_size":4096,"path":"js/modules/collections.js"},{"block_hashes":["KXELSKJyhXqHFukGi/DBWS59Qa6TMAcd7HxZ2cv7mzk="],"block_size":4096,"path":"js/modules/editor.js"},{"block_hashes":["Q97KBMhhZOFGzCKWXzTPaCZO5yWSvctFFZkpEdnFYzY=","2/zhVX2Dp+6HO/P0K/CSK/CjzrKDQpA3VDYuYTPIS0o=","2fCcuklhj8UtLsn/TofIBOuwU5/f3Hzo8+Db6AIFGhU=","4JflJvjemQxpVUvrf5+KoAk6kbWTr8QCzo19gWO0DrQ="],"block_size":4096,"path":"js/modules/env_manager.js"},{"block_hashes":["b6O5r5vIUnrTBUSOHdD6sD8Pw/K5L7ycl9UiuDSuqy0=","VSXJtX/6cZBLG2UtMESZSPqmH+V1hLm3TBDDzDQyg6Q="],"block_size":4096,"path":"js/modules/filesystem.js"},{"block_hashes":["nXmdzm+GdMSbMyG4QtWuU0RKxulEwYhUmVYpJk5ZFXk=","/wHYHXF9UWVJD9C6kkIHKp9j/QyGHwKOyzoMDbG01mI="],"block_size":4096,"path":"js/modules/header_presets.js"},{"block_hashes":["oJ3WgLaIGUqMX9kdOsOxlcW3Ibfkq2iTGrebp1iMFyo=","e8izkw/bBWB+ylIELtcwrUfbEh30na0wZ2ZhTMzapoA=","0Ud07dnm9JGKdqLQ8i1ZC0Z7X7+OcmF3p7oSHEKBvCA=","MUo890aquJbQ/AIMlQ2ytV0WPZSYy9866r1+EhawFYI="],"block_size":4096,"path":"js/modules/helpers.js"},{"block_hashes":["DG6zuAvv89cq17rgUtdgSzOOB5Z+O1cBE2rN6GofrZY=","YnDU2HpzCc71PP5NI/uq/jZFOyxSl0he5DoidrtI92M="],"block_size":4096,"path":"js/modules/history.js"},{"block_hashes":["VyjEDSTvqWoUROCNIzbi+u6cQ5yzRgaWbsggTQ1wfwI=","hnh2AqgasoHzS6GxAsBWWQuqs/lETBuE/N4P9hYHesQ=","p+xbtRTm83fAOtFjRbHgQ+97kTH+3MV5Nl6J7XJxHxM=","6Hhfm3zYG7n0NyXnrdShpdTwlN47SHqIshuU16TXx7A=","tzzHbMiyIJvbUTr9l0D7Skiv0twBSUXWhwzN+hTtz8E=","78ARnY7hfEwvE9Lp+jF/hwgGO32vdGXsPz6b6rQCc+8=","1gCV7POJhVFK/klEA+HeRjqPmriVwQhNDUI1wDqyF6E="],"block_size":4096,"path":"js/modules/indexed_db.js"},{"block_hashes":["xHaS4t0z8qZUsemSlAD3TgLWdPYOZ29o7/QWO0s7j3M="],"block_size":4096,"path":"js/modules/jsonlint.js"},{"block_hashes":["E5NCfRYNE10boOK7pDhsbGjD1tr6myQVjYy3OQeUJvc="],"block_size":4096,"path":"js/modules/keymap.js"},{"block_hashes":["AZrqEkoKHFIUL/+YM0EVUMqRj7ov5WBWpq+1uOubfb0=","Yh8QeNsfkb4sUv3xixAgfFRmaT+h5D0miZf2Ksienb4=","KRjytQzBaeWghKBpxp7xLmz8MfFjhu+NA8Ll5c8AS+A=","ZCitwwaULMQWly9Qz5ZIAGwJjprXgp3eC88FRDft67M=","ArVgGRPdbDI4IcxGqa9U+z03e6hfUcaSYXAwsSbQ6Ck=","pP4VbcDHEYIPA18Ut53vBr7dsRTuGwAavzXENaAxLx8=","Oj2wNccYoLKSGgJej4VbT2upg4UHaTRBj3i8/r1BEBk="],"block_size":4096,"path":"js/modules/layout.js"},{"block_hashes":["yAjiCtx35lr5mB8w4ZGtIeBFb1RQ0faZB8eVTvhxw5c=","pnj676CiIj90OMBMlCsrPnXDAVGRcFvbeVKVfbMbGOY=","kgnzi3Fs34gzEx7OFWWlXVjwmd3w/GA/8QC0rsLGIo8=","aeOmMzS2uK0d3RzJvR8nHsPeWeULOueg46qEOKhLId4=","G/Ls+jkmWad2c7/DvmIVE23XOk2mlTGU+n994XgbdEA=","CbxOpqRZ7plTxhIDT5p8/VEf8BLoiJlmz+nBtAnIX9E=","liq+EVwUIQIaY5mkBru8skp2FdU23HnC1g6tuQjIto8=","IOKPPxMhEy5ecIUab8nIa0UyUBTMzV2fIsNTUem5/6U=","xbgLGXfQHqFv+PJj9YljwKiP5cIhvZ67fiPfahxvrHs=","g34z+8dmdq0Sdgpe29lwrl7I81gFoEaKtJ1Fzxx2HbM=","nsCRdTTirmn2QfUFCxV5TKpSqujxRNioawINvMlNnr8=","9vIoDKIqda/Xy4Vv2X4Z9o9OLcVo4t18Vgc5LmH2QVM=","JPInklN/Hm7Dhg6Djx4iDBr1KUEej0qtfKSMy6sVg78=","TugbtYgcsYpZKZ5cKi3CNmXIPpWtlO/q4U5b1Ik3/sQ=","lOu6P8/6w5JetPchaVm2gpUtYQOLfp5G8PwuFc63rFk=","IqxdocpGbM4JY0lmVbEEBa7WvzX2aIDqwYiMewpFpBA=","c8mw6QwQgZJckDPmOwSAsC45dgv767bJ4JMbXeEf9ec=","9PXSTSgTh1NHn87HQVyrAqPGUTHIzVnVnfXKBoZTiZU=","NwLi6H0WAruRQmbBYvbEnhfHN6zo6M7+fcLVo/LUvMo=","LzcibqGGOsSgW0y+UGHCuKOhBYaXJgdf6FmKDU0BJFI="],"block_size":4096,"path":"js/modules/request.js"},{"block_hashes":["j7YNI+803+A/8nC/IHCAL7SRfvc7J0DlDj0yfehE6Wc=","tTXpkA2Lk5avoZMNkYTq/fhVVlzxF0MyBXnhs1rM/8Y="],"block_size":4096,"path":"js/modules/settings.js"},{"block_hashes":["p1VT2184VvT9pE19lr9lvPHq3k1+kI9ckX/W0kjMAGQ="],"block_size":4096,"path":"js/modules/url_cache.js"},{"block_hashes":["LS3yK2ez4v+IuZ4hyAhXJ0ViVNChklMEgAagQTeA2+M="],"block_size":4096,"path":"js/mwheelIntent.js"},{"block_hashes":["tqPnjxDwvRsBjtiVf3jEBkWc81hoCWuFZTFu9MJ+nAI=","a1exMrqNFA/eqw13kjSorPRn01UxZtpqupk3DKJumMU=","unbq6dFbb9JhAJTJH0lsREkwSoBzZUPIz98pLGcn/lM=","/LZhKIKh23hJD9xPFVSwRPlyZDgZZoRfuUV4zKVOOuc=","OSfPob88hBAr8ZkMIpIKbruTc+5a51CfOId79ACmRW8="],"block_size":4096,"path":"js/noty/jquery.noty.js"},{"block_hashes":["JjEPQleNUGaWNdySSyHyxjo4fzOIk61oHNqoQNk+e2w="],"block_size":4096,"path":"js/noty/layouts/bottom.js"},{"block_hashes":["WF0YKhe7w/sVuL3wT5iTFsjdUzZKTJ/sBiBIMuE9hQM="],"block_size":4096,"path":"js/noty/layouts/bottomCenter.js"},{"block_hashes":["swa82Sgsl/hjWH0Okg8tNBXA7ADprtUq808D79SxJTI="],"block_size":4096,"path":"js/noty/layouts/bottomLeft.js"},{"block_hashes":["3IYxyJ2K+4UmeNdwusQsO05If75giTweaSmCJNtXR9Y="],"block_size":4096,"path":"js/noty/layouts/bottomRight.js"},{"block_hashes":["Akg8kdLBS/OnMX+LLWfiYALUvG6Lw+VPmC6am14QQVg="],"block_size":4096,"path":"js/noty/layouts/center.js"},{"block_hashes":["DGOm0jMc5T/OJaPoYi98YGxF0EkV9U9FmG7LydnTdDU="],"block_size":4096,"path":"js/noty/layouts/centerLeft.js"},{"block_hashes":["TjWyoMuopDrUcRdV0y7ktwF9BSKJPuKp13ZqMJd6SEg="],"block_size":4096,"path":"js/noty/layouts/centerRight.js"},{"block_hashes":["2Nqsw86lxlBDAMPr7JpEo7RY2VMc5qOxJUpddnjCgHY="],"block_size":4096,"path":"js/noty/layouts/inline.js"},{"block_hashes":["8v/knu/inGR07ROQTGMBCZBnjvyFtQWvCc39eD0YJWw="],"block_size":4096,"path":"js/noty/layouts/top.js"},{"block_hashes":["C5Zjb7On9Qk8ux25xaUVXLYAouMBuFtPN0j37yUdsDE="],"block_size":4096,"path":"js/noty/layouts/topCenter.js"},{"block_hashes":["5XRf4M05ta0ehfSiendkzpJ/idEF9KdgX3clhxWAoXc="],"block_size":4096,"path":"js/noty/layouts/topLeft.js"},{"block_hashes":["SGGb6dY66s2cFsCbtIlbeIBaEAkz+9XnlGM2a1st6Dg="],"block_size":4096,"path":"js/noty/layouts/topRight.js"},{"block_hashes":["G3ulnw+5G1P/zVJfaWY0Gsg3DGrKIVJishSxbeDPic8=","PSNxeSbVcGS5yHDEmsZZmkyR529dfPnAWIqMlKQ6Kpc=","cf2lRszXQFXcWcNvjJbt+Lf5/aPc8NDS5ZARyf83Q0g="],"block_size":4096,"path":"js/noty/promise.js"},{"block_hashes":["6gHkaiFrFvPwLPa7u9NCUVm7bGNscfdEYoGfsrajzc0=","i2/0E9d0hWoTKhRwsCt9N6LzMwcYTxUTf8hmJz4YvF0=","UqrCyaU5w498wcBuNNuTVaXsK14tozJVsBa9Keqnf+w="],"block_size":4096,"path":"js/noty/themes/default.js"},{"block_hashes":["2n1RrOpx7/OR+GObuuv7u2b2Y8D4ViZi9V4XrrOlx9E=","PioNopDrm+LU9JL/xBo1h919Adxi147g8qc1XiLx6Q4=","wTSFGGGokc2J8SoJKwEoVMc98LcpH4eZnWt1Pi623MA=","8rSqpBU18vgj4OJdp24TLOG0RdghNGrgLR649ka6VX4=","ch6RQ8VYZe+tD+UgSX7KpKVVQL37zd8MaBa+ugs9qWw=","ypWeG8j3062ylJH9SwukKCuUkzS+eVzXDVGFZ9rKC34=","wgv/AbQXR0UpcMM/czDg3OiDeVOi1QRr/1tINDc2Pf0=","1oJDwUVOut9EE8yT+FtOd5xn4MZua6IxqMJ2v1zl7bE=","EBph5KizmW6jZ/HkpCljJo3JQYUv1/pGfwc/+tHSPwE=","eaSXvrkOZp0ntIruVeiY3BEMwu59nYoYj+vhgJg4AOQ=","cczt8qmc54ydRLOdS5eoTk/RZTclNeDm/aLMpyPmN60=","FZ7B7zhj9wfqJ6xsv+hcp3OL3kqUDTYP+MLBWif74YM=","kkt1wdknXqh8lq6bnwrTczyrnURi2pFYK7ykIU0Bs8A=","OSESQJ5WIkcdE+8siVokV3km3wA4qnnpLR2YR6u0Sw8=","k6pUoEQp5YkP7LYTScwLERm/ljIQR7JOeplQ/XSPlC8=","AVWZkJBJwzy8St+P0ibpPy+JMjgn7EH/c7NMOzKenoY=","7YONknMpZf/aLbGXlIZ83Kn1My/e1gaFiu9eibvtNKY=","tVyiEzN/ZX1CJ6BoqdtFOgaW3rF467yclPlch5TuwTM=","ld/9PhxqZmGBh9LXu6ueCwvi4Otdd15o8V9TYYPVyd8=","yl9581jC6i2ukg+V5hXIl6sFo8TBRlAVPmKrr7lb0lo=","EaOysFLh9QnRV8lr2MffNbHBCy3/Y3Q/lTNByABLFG8=","AA4sF+78n9FPMm8Thn2RGyRs8TktXyW9R1LSnCYuhiI=","zHhx++dwUSRBTkXRCVqcpAMT0GZJ52X9m/CmN+esWyg=","r/V+Az4KTVvPDcODlZATX0Sys6lcX6KjBR/QyClXos4=","tg716K9pX6WCsIFI/aluXUGRucCd+7jHrKWsXucUvmw=","qhbQXRrpGhRlHs72lIo3agX+hzoJtEtEF0VIg+WypvE=","TcQdMIrB8dslkFcHCCOORATiNIb16trANKMRVQ4EIwc=","GZl5aIr98yy8Tz9zNQh1YwUE7LG4JK0sR5QmVSGJIF4=","LTXJWbzD0rM4Oj5U/sGBN0Cn3XpLPKZqISN+3g61hEk=","CeS/6xkfi9ATFBbYo8Tm3xzcBlBhZ0WbL8fdPnFKvcc=","piQKd7wXiYd4Um8eFyhBe97ZXKSMjLohxNVZLSAs9o8=","NDI5tQpC7RxgDf3GOHfKcw2b63UUI7aMvCnQ/LL4aBs=","iuaWqlmK4B3T//EESVZ/74/G8t+UD6lcFkqpWQ+9MyU=","v4h3qQkGKMwzpGKfJFhPBsD7/WIYtaCcAwMv254Q+00=","sh9tJ6JMcA+e/9MdQkfaI83RCI/TVEfS4AIBq87xLkw=","fCnap6wmxXTC5MN3fwtm04BrZUPIWTiSQKmz73b+K0Y=","X8zLJyVf8IHc53AYAsy3plrzsERCPtnczG9J2Ha1erM=","xn7cdB5oqeNUcaefqsw/aHTUyxKCPZ9cw0HVXGRDhe0=","Dt+HcCKKmzwMfXJ/MbC7xuA6dK6OkBahrkSHk/mTX1A=","s9M+PK4g86Wt5eEspzFgrtqShqqlKixggKbig3kPh2s=","gIgg/Q//bHLwW6DGJFb2avfT5gHGV3+dadCASPVZCa8=","SVvigLRY9lc45MLp2fBiLRcz0WPWwENe1yjhrSqVjUY=","n0aVABjzPsHhN5iFqkrPuVPzKKdDwuMlTFGhGalIUis=","Ww5gK0tY14gWX89OZKV6R6RoPnMCmyjscEYSDio7YfI=","vzn2wD+npLhji2XYhxvubLkdQ3iVD5Er/VzBkzYkhEI=","FScaVmTwdg9zQZP1kpNq/Ad/yLxhemL7rgIm+bWeaz0=","gXTHAetjxcyjI/Ap8wdDweFJCnT4R+6Pi69xFqN57Jw=","eow8QPMlogs5iasD0mqSP1GXJXqJUNk/EDuyEYDG3BE=","5BjYql3ZaCO7g+SER1LDWPgXtbJRdSiVdVlZ5+Linak=","LS2MoHqDpco2wGwxstbCjVwgf9Q7ju+Yl2bG5nIz5nc=","7F7p6jtrtwyPpPKRG0dcJnodK2hH2YXEZ9xm/p3gAOA=","umu9MCeNxnjcMeeiSlwsIBFq1BDUGUx4Y6/83KGcyrs=","WvQea2inIhCtP2xvvkN7QRaL9L6U8MLG4Ynf1gMEoY4=","vW5SoSJ6i/YYV4jp6mxl2zsehShFAw+ZchoNn2C+RBY=","a5Gou7APBDKwvVCCi4+WrfvEiOStgFUrdlNPHRO9OH4=","YSp17t2SvU2hfWmmVz61FI6K8fhW5FRGxjJgneQBJz4=","UxKi8TuW1MJhlb+Ayuy6hyZ2wzKQNtjMnFh+rvN+FYU="],"block_size":4096,"path":"js/requester.js"},{"block_hashes":["CxUmOZZNkyPh8GIJrnImYvRijPS33iiRaV3bSKk+vso=","wAhG9AAxnYExNY4obA0zDBjgTmosgVqa9dFGTBZCPak=","JWZHsa/FwyshMp8k6jZ/VUiTd0d9zWjub9UUSNNaQ+o=","/+6sW99ZxpSjSAv11PLlQSdLOEllBMJMAJmYvJCwK8g=","+wUUBm+ezPAfJKUghmpB5+yLZWVM3XAnoqwUvh55VsQ=","jmeqmndeprIP4c+4X8/xfGqtIZa3+9Td5fnSF8PCbc4=","JB6oBUnO3Zbt7jXsNCHtn9mtuEhB7D7BSLua11aPLNk=","BNTC2NOotn7kLKfHW7WwGReC1tU5kb+LInnJM8WllgM=","UNxj4leQ9khhII0p0dEE5XLLxH1jtMsle8vAaJrzRV8=","UNqXekeNfz3jq5tx9tUw2ArP0C4iCfLa/fqUp3AZM5U=","ednQMBGwDry0DMQlAAkrL/X5RIcqQGpu/ce2vj/4QTw=","gVcjT9EcnVtqtPAnA4STmrKhN0raKdkElru1zLk4FeE=","TLalaB9RTKpRVyfwF0uV7tgBZH5el4uI19yEy3coVMg=","pTYspi4+PtK4ptqCUjj4aMDT1RW9W24XZTWpXvCk3a8=","dWO64T/0JHhcRAeSn2UBPhnahRzHFagD/LP+DJFmIY4=","LYi++yvAu02cBWRzhXbeQndcV75Vze6JREmwsCLurvU=","KRS+VhUnoz4AZc+9SAQLGwlfre7vs/KQrecXJWbJMCo=","r6NTCxCyaFT0YmZfpEzDg2EZ2JQDSJbAqJZwynsZUm4=","3J0sZqvf/vT4RMkoIxRtI9qHb2mWRiHyfGbo887Leik=","wG4EQmzHbbTf5fVoEEFK+bWnPmpWvR5rF9obRl43Mqw="],"block_size":4096,"path":"js/requester.min.js"},{"block_hashes":["TfeBBfkPFcuYukjKaR8FxPdq+9cnh80SUxV93M0t+zo=","1gbH7z4TDOj8KQcAwCgO+Hc2u5dOhum9PrQ3SQleE/U=","33cAhqel2gaWQxieit+GYRteWtJKWFRspXEET11VZKQ=","5mRyri4kn6+/hb49MDhqldzRWEF8ABVjIHqWhTkDFzc=","FoNz3SCIcubjJBQR5craFSjQn1HIr2wwxXw4mbjdGIU=","zknicfhk623pMFHtMfcbBmHAmve+EKMt/vtVhFxxHOo=","HCbqC0ratKbr5Rcu5nUfoaN+o8p6LUxbCjudNRl0xB4=","YmMdDST/MO+0KcAG2KI81UfZgn4HFVe83+Ub/1zkTeY=","AhurS3HzKjkuziVDXmlBZ+ya3crMJo7naI2/DtAg+Tk=","Hpca8A26SF21acPOHpFrOCQ65im87BCvCJLgVxuV7cI="],"block_size":4096,"path":"js/templates.js"},{"block_hashes":["1yr2YWmH8I1I7ad9abyy1crzs7tfLvBZ0ek3ideb0rA="],"block_size":4096,"path":"js/templates/broadcasts.handlebars"},{"block_hashes":["QwXJmM/zzG7EPJ41Eq3zjQovIw2+8HHq9s4IHPFwfj8="],"block_size":4096,"path":"js/templates/collection_selector_list.handlebars"},{"block_hashes":["vjhGhbP5rDhqf0nsLz1bwoP4BbjIk383Ux9FR3spgyY="],"block_size":4096,"path":"js/templates/collection_sidebar.handlebars"},{"block_hashes":["sPdfNF3th0I8SKZiOL5xfhA0fRLBFURjkgoZN9BVkco="],"block_size":4096,"path":"js/templates/environment_list.handlebars"},{"block_hashes":["i9p5//psFjpfG0kwblRBte+USHDMomFbXaOb1vAaAzU="],"block_size":4096,"path":"js/templates/environment_quicklook.handlebars"},{"block_hashes":["IyIQHjXp6cX3k+Md521OePhb1GQQAJe1AplM0235qQ0="],"block_size":4096,"path":"js/templates/environment_selector.handlebars"},{"block_hashes":["zP1Idzuo6Y6Ld88dYECooZMNq0XI8krEcfmT1FUg1bU="],"block_size":4096,"path":"js/templates/environment_selector_actions.handlebars"},{"block_hashes":["0JZEySIdhyTljFYSJjSQ7yiUHDB/wJ6DMtcEGT5BTNI="],"block_size":4096,"path":"js/templates/header_preset_list.handlebars"},{"block_hashes":["h8oznYjOrSqhDe5aaIszQKi5KMTvY7mXjQMVxCyrHCs="],"block_size":4096,"path":"js/templates/history_sidebar_requests.handlebars"},{"block_hashes":["Ps5xiUx7p0SPViqY9Lr0WreaKCalBWWysubrpsw6WLs="],"block_size":4096,"path":"js/templates/item_broadcast.handlebars"},{"block_hashes":["F60hctDntAatuH08bOi1QNKa6QVMugXXiNF4jwO1D+g="],"block_size":4096,"path":"js/templates/item_collection_selector_list.handlebars"},{"block_hashes":["T3Pday0L6MPFbFMJQVVwgFUjIkH02Itn1Tg/oK8Ptf4="],"block_size":4096,"path":"js/templates/item_collection_sidebar_head.handlebars"},{"block_hashes":["K6l7kt5aG2Vpk8QJOz9dziUCvdPlFzodP9fOBwEt6Pg="],"block_size":4096,"path":"js/templates/item_collection_sidebar_request.handlebars"},{"block_hashes":["47DEQpj8HBSa+/TImW+5JCeuQeRkm5NMpJWZG3hSuFU="],"block_size":4096,"path":"js/templates/item_editor_standard.handlebars"},{"block_hashes":["QuxBma/UbJ1FOKwkktEILYFccSr3yLxRVTaUz3TVoAY="],"block_size":4096,"path":"js/templates/item_environment_list.handlebars"},{"block_hashes":["YeuYZHZAoUpPIUYfTR0WfnaR0io5MPo4tnTrmFoQ/Ao="],"block_size":4096,"path":"js/templates/item_environment_quicklook.handlebars"},{"block_hashes":["0IHhg9M5LYfnotdoexLuN5rA7G7LAHlzXsXqLLzPyhI="],"block_size":4096,"path":"js/templates/item_environment_selector.handlebars"},{"block_hashes":["ovrbbr/cL0Eofdf6lnnQGpVvVt2xcWux1QP2hU+vqI8="],"block_size":4096,"path":"js/templates/item_header_preset_list.handlebars"},{"block_hashes":["hqe19a0lxcwZPkoGHsu3rg32VSyJGPM0sMn1l7zAcUA="],"block_size":4096,"path":"js/templates/item_history_sidebar_request.handlebars"},{"block_hashes":["TxVrMWFAND5x07oyRUXLwxZ+Vjv4E9AuYnpVcgDTW5A="],"block_size":4096,"path":"js/templates/item_response_code.handlebars"},{"block_hashes":["T5MGqo8AJW9AcnErBD8nr4Qte/atdOP5pM5mISOZEGU="],"block_size":4096,"path":"js/templates/item_response_cookie.handlebars"},{"block_hashes":["A1HvggxbvyQrx8wFKQGVxjWevewMnQ8bQkdPM/i9Mwg="],"block_size":4096,"path":"js/templates/item_response_header.handlebars"},{"block_hashes":["B70wUdcQKTf6RWmAdkgItnBxt6rh3EGtMTBh4Ukib8c="],"block_size":4096,"path":"js/templates/item_sample_response.handlebars"},{"block_hashes":["pXJKidpRkveVP0QheVrcCzHIYQQwh2dIYd7EQjihxeY="],"block_size":4096,"path":"js/templates/message_collection_added.handlebars"},{"block_hashes":["dzPNB/yTrTpuV/7VbuX5Ky7AJWT2A2PvNEZrlrlcyLo="],"block_size":4096,"path":"js/templates/message_environment_added.handlebars"},{"block_hashes":["T/vzIinl+lB2pvNLujFFf3u4teZsX46P9YnDiXvesq4="],"block_size":4096,"path":"js/templates/message_no_collection.handlebars"},{"block_hashes":["WMNPfEk1AADsPT7zkaNWa5HXWleVzAilhaQHUyXNn5c="],"block_size":4096,"path":"js/templates/message_no_history.handlebars"},{"block_hashes":["8gp+QT1NStGDw5C8+NcBrkhTFbkSd4ZluqKC3hy3Sf8="],"block_size":4096,"path":"js/templates/response_cookies.handlebars"},{"block_hashes":["E6fzyngpjLYptREqyeVMgCzoGGLGSgttXTELW6zMEtE="],"block_size":4096,"path":"js/templates/response_headers.handlebars"},{"block_hashes":["66Miw9vgWm5Y4hncC/HdJMWymXO6feYgq09rTlaKsAM="],"block_size":4096,"path":"js/templates/sample_responses.handlebars"},{"block_hashes":["CfMpY2wjlvxXGL/Nc3PFl/LV3sfOTkvLHTj0cQgi0YU="],"block_size":4096,"path":"js/templates/v3_carousel.handlebars"},{"block_hashes":["WueUtGa5Eya+LAOI7BL8r4fzzryl6YQUHJIAPprd6n8=","ExUxRtNkfwhWdt9ZsIK2FTMPNq/mYOwxpZCs6ctpmr0=","Y1lWUfRkQYDalMyvTVL/2yoYfhS2TKed6hMNUilegm4="],"block_size":4096,"path":"js/underscore-min.js"},{"block_hashes":["AldJhGd6Yw0UJbv2EpqI2RR1UpXb1WVariByUfRomDs=","Aq7ZSdukZzw9zK/7pLyOjGmPk3pCH9BQ92aW6LzUkXs="],"block_size":4096,"path":"js/util.js"},{"block_hashes":["ikIvj59YulAKnBQuah9Hat/lHfauwcKOW47/sPPIeh0=","cZpXx/Ad58XMBS1vCDg//arkEwjj5Wiwyk7ZQSK0Gkk=","iJaowbP/+I/x32Tmz6V/dKtYJclhIakCDLWxeQ96z3A="],"block_size":4096,"path":"js/vkbeautify.js"}],"version":2}